<Environments><Environment><Id>8</Id><Name>AWS Env</Name><ParametersMap><ParameterEntry><Key>awsPassword</Key><Value>kasyap12</Value></ParameterEntry><ParameterEntry><Key>awsUserName</Key><Value>kasyap</Value></ParameterEntry></ParametersMap><Passwords><Password>awsPassword</Password></Passwords></Environment><Environment><Id>7</Id><Name>Prod</Name><ParametersMap><ParameterEntry><Key>key1</Key><Value>val1</Value></ParameterEntry><ParameterEntry><Key>key2</Key><Value>val2</Value></ParameterEntry></ParametersMap><Passwords><Password>key1</Password></Passwords></Environment></Environments>