<Requirements><Requirement><Id>12</Id><RequirementName>Default Requirement</RequirementName><RequirementTypeId>25</RequirementTypeId><VersionId>10</VersionId><CreatedById>1</CreatedById><UpdatedById>1</UpdatedById><CustomFields>{}</CustomFields><StartTime>2024-04-13@09:17:17.000+0000</StartTime><EndTime>2024-05-13@09:17:17.000+0000</EndTime><CreatedDate>2024-04-13@09:17:17.000+0000</CreatedDate><UpdatedDate>2024-04-13@09:17:17.000+0000</UpdatedDate><PlannedManualCount>10</PlannedManualCount><PlannedAutomationCount>10</PlannedAutomationCount></Requirement></Requirements>