<RequirementRypes><RequirementType><Id>25</Id><RecordActive>true</RecordActive><DisplayName>Customer Requirements</DisplayName><Name>Customer Requirements</Name><ProjectId>7</ProjectId><CreatedById>1</CreatedById><CreatedDate>2024-04-13@09:17:17.000+0000</CreatedDate><UpdatedDate>2024-04-13@09:17:17.000+0000</UpdatedDate><IsDefault>true</IsDefault></RequirementType><RequirementType><Id>26</Id><RecordActive>true</RecordActive><DisplayName>Functional Requirements</DisplayName><Name>Functional Requirements</Name><ProjectId>7</ProjectId><CreatedById>1</CreatedById><CreatedDate>2024-04-13@09:17:17.000+0000</CreatedDate><UpdatedDate>2024-04-13@09:17:17.000+0000</UpdatedDate><IsDefault>true</IsDefault></RequirementType><RequirementType><Id>27</Id><RecordActive>true</RecordActive><DisplayName>Non-Functional Requirements</DisplayName><Name>Non-Functional Requirements</Name><ProjectId>7</ProjectId><CreatedById>1</CreatedById><CreatedDate>2024-04-13@09:17:17.000+0000</CreatedDate><UpdatedDate>2024-04-13@09:17:17.000+0000</UpdatedDate><IsDefault>true</IsDefault></RequirementType><RequirementType><Id>28</Id><RecordActive>true</RecordActive><DisplayName>User Interface Requirements</DisplayName><Name>User Interface Requirements</Name><ProjectId>7</ProjectId><CreatedById>1</CreatedById><CreatedDate>2024-04-13@09:17:17.000+0000</CreatedDate><UpdatedDate>2024-04-13@09:17:17.000+0000</UpdatedDate><IsDefault>true</IsDefault></RequirementType></RequirementRypes>