<TestCasePriorities><TestCasePriority><Id>25</Id><DisplayName>Critical</DisplayName><Name>Critical</Name><ProjectId>7</ProjectId><CreatedIyId>1</CreatedIyId><CreatedDate>2024-04-13@09:17:17.000+0000</CreatedDate><UpdatedDate>2024-04-13@09:17:17.000+0000</UpdatedDate><IsDefault>true</IsDefault></TestCasePriority><TestCasePriority><Id>26</Id><DisplayName>Major</DisplayName><Name>Major</Name><ProjectId>7</ProjectId><CreatedIyId>1</CreatedIyId><CreatedDate>2024-04-13@09:17:17.000+0000</CreatedDate><UpdatedDate>2024-04-13@09:17:17.000+0000</UpdatedDate><IsDefault>true</IsDefault></TestCasePriority><TestCasePriority><Id>27</Id><DisplayName>Medium</DisplayName><Name>Medium</Name><ProjectId>7</ProjectId><CreatedIyId>1</CreatedIyId><CreatedDate>2024-04-13@09:17:17.000+0000</CreatedDate><UpdatedDate>2024-04-13@09:17:17.000+0000</UpdatedDate><IsDefault>true</IsDefault></TestCasePriority><TestCasePriority><Id>28</Id><DisplayName>Minor</DisplayName><Name>Minor</Name><ProjectId>7</ProjectId><CreatedIyId>1</CreatedIyId><CreatedDate>2024-04-13@09:17:17.000+0000</CreatedDate><UpdatedDate>2024-04-13@09:17:17.000+0000</UpdatedDate><IsDefault>true</IsDefault></TestCasePriority></TestCasePriorities>