<EnvironmentSuiteMappings><EnvironmentSuiteMapping><Id>103</Id><SuiteId>68</SuiteId><EnvironmentId>76</EnvironmentId><Position>4</Position><RunTestCasesInParallel>false</RunTestCasesInParallel></EnvironmentSuiteMapping><EnvironmentSuiteMapping><Id>104</Id><SuiteId>70</SuiteId><EnvironmentId>76</EnvironmentId><Position>5</Position><RunTestCasesInParallel>false</RunTestCasesInParallel></EnvironmentSuiteMapping><EnvironmentSuiteMapping><Id>105</Id><SuiteId>72</SuiteId><EnvironmentId>76</EnvironmentId><Position>6</Position><RunTestCasesInParallel>false</RunTestCasesInParallel></EnvironmentSuiteMapping><EnvironmentSuiteMapping><Id>106</Id><SuiteId>73</SuiteId><EnvironmentId>77</EnvironmentId><Position>1</Position><RunTestCasesInParallel>false</RunTestCasesInParallel></EnvironmentSuiteMapping><EnvironmentSuiteMapping><Id>107</Id><SuiteId>74</SuiteId><EnvironmentId>77</EnvironmentId><Position>2</Position><RunTestCasesInParallel>false</RunTestCasesInParallel></EnvironmentSuiteMapping><EnvironmentSuiteMapping><Id>108</Id><SuiteId>75</SuiteId><EnvironmentId>77</EnvironmentId><Position>3</Position><RunTestCasesInParallel>false</RunTestCasesInParallel></EnvironmentSuiteMapping><EnvironmentSuiteMapping><Id>109</Id><SuiteId>76</SuiteId><EnvironmentId>77</EnvironmentId><Position>4</Position><RunTestCasesInParallel>false</RunTestCasesInParallel></EnvironmentSuiteMapping><EnvironmentSuiteMapping><Id>110</Id><SuiteId>77</SuiteId><EnvironmentId>77</EnvironmentId><Position>5</Position><RunTestCasesInParallel>false</RunTestCasesInParallel></EnvironmentSuiteMapping><EnvironmentSuiteMapping><Id>111</Id><SuiteId>63</SuiteId><EnvironmentId>78</EnvironmentId><Position>1</Position><RunTestCasesInParallel>false</RunTestCasesInParallel></EnvironmentSuiteMapping><EnvironmentSuiteMapping><Id>112</Id><SuiteId>78</SuiteId><EnvironmentId>78</EnvironmentId><Position>2</Position><RunTestCasesInParallel>false</RunTestCasesInParallel></EnvironmentSuiteMapping><EnvironmentSuiteMapping><Id>113</Id><SuiteId>64</SuiteId><EnvironmentId>79</EnvironmentId><Position>1</Position><RunTestCasesInParallel>false</RunTestCasesInParallel></EnvironmentSuiteMapping><EnvironmentSuiteMapping><Id>114</Id><SuiteId>79</SuiteId><EnvironmentId>79</EnvironmentId><Position>2</Position><RunTestCasesInParallel>false</RunTestCasesInParallel></EnvironmentSuiteMapping><EnvironmentSuiteMapping><Id>115</Id><SuiteId>80</SuiteId><EnvironmentId>80</EnvironmentId><Position>1</Position><RunTestCasesInParallel>false</RunTestCasesInParallel></EnvironmentSuiteMapping><EnvironmentSuiteMapping><Id>116</Id><SuiteId>82</SuiteId><EnvironmentId>80</EnvironmentId><Position>2</Position><RunTestCasesInParallel>false</RunTestCasesInParallel></EnvironmentSuiteMapping><EnvironmentSuiteMapping><Id>121</Id><SuiteId>83</SuiteId><EnvironmentId>81</EnvironmentId><Position>1</Position><RunTestCasesInParallel>false</RunTestCasesInParallel></EnvironmentSuiteMapping><EnvironmentSuiteMapping><Id>122</Id><SuiteId>83</SuiteId><EnvironmentId>82</EnvironmentId><Position>1</Position><RunTestCasesInParallel>false</RunTestCasesInParallel></EnvironmentSuiteMapping><EnvironmentSuiteMapping><Id>123</Id><SuiteId>83</SuiteId><EnvironmentId>83</EnvironmentId><Position>1</Position><RunTestCasesInParallel>false</RunTestCasesInParallel></EnvironmentSuiteMapping><EnvironmentSuiteMapping><Id>124</Id><SuiteId>83</SuiteId><EnvironmentId>84</EnvironmentId><Position>1</Position><RunTestCasesInParallel>false</RunTestCasesInParallel></EnvironmentSuiteMapping><EnvironmentSuiteMapping><Id>125</Id><SuiteId>83</SuiteId><EnvironmentId>85</EnvironmentId><Position>1</Position><RunTestCasesInParallel>false</RunTestCasesInParallel></EnvironmentSuiteMapping><EnvironmentSuiteMapping><Id>126</Id><SuiteId>83</SuiteId><EnvironmentId>86</EnvironmentId><Position>1</Position><RunTestCasesInParallel>false</RunTestCasesInParallel></EnvironmentSuiteMapping><EnvironmentSuiteMapping><Id>127</Id><SuiteId>83</SuiteId><EnvironmentId>87</EnvironmentId><Position>1</Position><RunTestCasesInParallel>false</RunTestCasesInParallel></EnvironmentSuiteMapping><EnvironmentSuiteMapping><Id>128</Id><SuiteId>83</SuiteId><EnvironmentId>88</EnvironmentId><Position>1</Position><RunTestCasesInParallel>false</RunTestCasesInParallel></EnvironmentSuiteMapping><EnvironmentSuiteMapping><Id>129</Id><SuiteId>83</SuiteId><EnvironmentId>89</EnvironmentId><Position>1</Position><RunTestCasesInParallel>false</RunTestCasesInParallel></EnvironmentSuiteMapping><EnvironmentSuiteMapping><Id>131</Id><SuiteId>63</SuiteId><EnvironmentId>90</EnvironmentId><Position>2</Position><RunTestCasesInParallel>false</RunTestCasesInParallel></EnvironmentSuiteMapping><EnvironmentSuiteMapping><Id>132</Id><SuiteId>64</SuiteId><EnvironmentId>90</EnvironmentId><Position>3</Position><RunTestCasesInParallel>false</RunTestCasesInParallel></EnvironmentSuiteMapping></EnvironmentSuiteMappings>