<TestCases><TestCase><Id>106</Id><IsDataDriven>false</IsDataDriven><IsReviewed>false</IsReviewed><IsStepGroup>false</IsStepGroup><Priority>25</Priority><RequirementId>12</RequirementId><Name>pass pre-requisite Testcase</Name><Status>READY</Status><Type>31</Type><ApplicationVersionId>10</ApplicationVersionId><Assignee>1</Assignee><IsManual>false</IsManual><Deleted>false</Deleted><LastRunId>270</LastRunId><CreatedBy>1</CreatedBy><CreatedDate>2024-04-13@11:29:20.000+0000</CreatedDate><UpdatedBy>1</UpdatedBy><UpdateDate>2024-04-15@06:21:56.000+0000</UpdateDate><PriorityName>Critical</PriorityName><TypeName>Unit Test</TypeName><AssigneeName>bhanu Prakash</AssigneeName><IsActive>true</IsActive><HasAfterTest>false</HasAfterTest><IsEligibleForAfterSuite>false</IsEligibleForAfterSuite><ConsiderVisualTestResult>false</ConsiderVisualTestResult><StepGroupUsageCount>0</StepGroupUsageCount><IsPrerequisiteCase>true</IsPrerequisiteCase></TestCase><TestCase><Id>108</Id><IsDataDriven>false</IsDataDriven><IsReviewed>false</IsReviewed><IsStepGroup>false</IsStepGroup><Priority>25</Priority><RequirementId>12</RequirementId><Name>[01] Test case store data</Name><Status>READY</Status><Type>31</Type><ApplicationVersionId>10</ApplicationVersionId><Assignee>1</Assignee><IsManual>false</IsManual><Deleted>false</Deleted><LastRunId>272</LastRunId><CreatedBy>1</CreatedBy><CreatedDate>2024-04-13@11:50:28.000+0000</CreatedDate><UpdatedBy>1</UpdatedBy><UpdateDate>2024-04-15@06:22:04.000+0000</UpdateDate><PriorityName>Critical</PriorityName><TypeName>Unit Test</TypeName><AssigneeName>bhanu Prakash</AssigneeName><IsActive>true</IsActive><HasAfterTest>false</HasAfterTest><IsEligibleForAfterSuite>false</IsEligibleForAfterSuite><ConsiderVisualTestResult>false</ConsiderVisualTestResult><StepGroupUsageCount>0</StepGroupUsageCount><IsPrerequisiteCase>true</IsPrerequisiteCase></TestCase><TestCase><Id>115</Id><IsDataDriven>false</IsDataDriven><IsReviewed>false</IsReviewed><IsStepGroup>false</IsStepGroup><Priority>25</Priority><RequirementId>12</RequirementId><Name>Fail pre-requisite Testcase</Name><Status>READY</Status><Type>31</Type><ApplicationVersionId>10</ApplicationVersionId><Assignee>1</Assignee><IsManual>false</IsManual><Deleted>false</Deleted><LastRunId>358</LastRunId><CreatedBy>1</CreatedBy><CreatedDate>2024-04-13@12:20:30.000+0000</CreatedDate><UpdatedBy>1</UpdatedBy><UpdateDate>2024-04-15@06:29:26.000+0000</UpdateDate><PriorityName>Critical</PriorityName><TypeName>Unit Test</TypeName><AssigneeName>bhanu Prakash</AssigneeName><IsActive>true</IsActive><HasAfterTest>false</HasAfterTest><IsEligibleForAfterSuite>false</IsEligibleForAfterSuite><ConsiderVisualTestResult>false</ConsiderVisualTestResult><StepGroupUsageCount>0</StepGroupUsageCount><IsPrerequisiteCase>true</IsPrerequisiteCase></TestCase><TestCase><Id>107</Id><IsDataDriven>false</IsDataDriven><IsReviewed>false</IsReviewed><IsStepGroup>false</IsStepGroup><Priority>25</Priority><RequirementId>12</RequirementId><Name>Fail dependent testcase</Name><Status>READY</Status><Type>31</Type><ApplicationVersionId>10</ApplicationVersionId><PreRequisite>106</PreRequisite><Assignee>1</Assignee><IsManual>false</IsManual><Deleted>false</Deleted><LastRunId>271</LastRunId><CreatedBy>1</CreatedBy><CreatedDate>2024-04-13@11:29:48.000+0000</CreatedDate><UpdatedBy>1</UpdatedBy><UpdateDate>2024-04-15@06:21:56.000+0000</UpdateDate><PriorityName>Critical</PriorityName><TypeName>Unit Test</TypeName><AssigneeName>bhanu Prakash</AssigneeName><IsActive>true</IsActive><HasAfterTest>false</HasAfterTest><IsEligibleForAfterSuite>false</IsEligibleForAfterSuite><ConsiderVisualTestResult>false</ConsiderVisualTestResult><StepGroupUsageCount>0</StepGroupUsageCount><IsPrerequisiteCase>false</IsPrerequisiteCase></TestCase><TestCase><Id>108</Id><IsDataDriven>false</IsDataDriven><IsReviewed>false</IsReviewed><IsStepGroup>false</IsStepGroup><Priority>25</Priority><RequirementId>12</RequirementId><Name>[01] Test case store data</Name><Status>READY</Status><Type>31</Type><ApplicationVersionId>10</ApplicationVersionId><Assignee>1</Assignee><IsManual>false</IsManual><Deleted>false</Deleted><LastRunId>272</LastRunId><CreatedBy>1</CreatedBy><CreatedDate>2024-04-13@11:50:28.000+0000</CreatedDate><UpdatedBy>1</UpdatedBy><UpdateDate>2024-04-15@06:22:04.000+0000</UpdateDate><PriorityName>Critical</PriorityName><TypeName>Unit Test</TypeName><AssigneeName>bhanu Prakash</AssigneeName><IsActive>true</IsActive><HasAfterTest>false</HasAfterTest><IsEligibleForAfterSuite>false</IsEligibleForAfterSuite><ConsiderVisualTestResult>false</ConsiderVisualTestResult><StepGroupUsageCount>0</StepGroupUsageCount><IsPrerequisiteCase>true</IsPrerequisiteCase></TestCase><TestCase><Id>109</Id><IsDataDriven>false</IsDataDriven><IsReviewed>false</IsReviewed><IsStepGroup>false</IsStepGroup><Priority>25</Priority><RequirementId>12</RequirementId><Name>[01] Test case using data</Name><Status>READY</Status><Type>31</Type><ApplicationVersionId>10</ApplicationVersionId><PreRequisite>108</PreRequisite><Assignee>1</Assignee><IsManual>false</IsManual><Deleted>false</Deleted><LastRunId>273</LastRunId><CreatedBy>1</CreatedBy><CreatedDate>2024-04-13@11:52:30.000+0000</CreatedDate><UpdatedBy>1</UpdatedBy><UpdateDate>2024-04-15@06:22:04.000+0000</UpdateDate><PriorityName>Critical</PriorityName><TypeName>Unit Test</TypeName><AssigneeName>bhanu Prakash</AssigneeName><IsActive>true</IsActive><HasAfterTest>false</HasAfterTest><IsEligibleForAfterSuite>false</IsEligibleForAfterSuite><ConsiderVisualTestResult>false</ConsiderVisualTestResult><StepGroupUsageCount>0</StepGroupUsageCount><IsPrerequisiteCase>false</IsPrerequisiteCase></TestCase><TestCase><Id>110</Id><IsDataDriven>false</IsDataDriven><IsReviewed>false</IsReviewed><IsStepGroup>false</IsStepGroup><Priority>25</Priority><RequirementId>12</RequirementId><Name>[02] runtime 01</Name><Status>READY</Status><Type>31</Type><ApplicationVersionId>10</ApplicationVersionId><Assignee>1</Assignee><IsManual>false</IsManual><Deleted>false</Deleted><LastRunId>383</LastRunId><CreatedBy>1</CreatedBy><CreatedDate>2024-04-13@11:57:43.000+0000</CreatedDate><UpdatedBy>1</UpdatedBy><UpdateDate>2024-04-15@06:52:00.000+0000</UpdateDate><PriorityName>Critical</PriorityName><TypeName>Unit Test</TypeName><AssigneeName>bhanu Prakash</AssigneeName><IsActive>true</IsActive><HasAfterTest>false</HasAfterTest><IsEligibleForAfterSuite>false</IsEligibleForAfterSuite><ConsiderVisualTestResult>false</ConsiderVisualTestResult><StepGroupUsageCount>0</StepGroupUsageCount><IsPrerequisiteCase>false</IsPrerequisiteCase></TestCase><TestCase><Id>111</Id><IsDataDriven>false</IsDataDriven><IsReviewed>false</IsReviewed><IsStepGroup>false</IsStepGroup><Priority>25</Priority><RequirementId>12</RequirementId><Name>[02] runtime 02</Name><Status>READY</Status><Type>31</Type><ApplicationVersionId>10</ApplicationVersionId><Assignee>1</Assignee><IsManual>false</IsManual><Deleted>false</Deleted><LastRunId>384</LastRunId><CreatedBy>1</CreatedBy><CreatedDate>2024-04-13@11:59:54.000+0000</CreatedDate><UpdatedBy>1</UpdatedBy><UpdateDate>2024-04-15@06:52:00.000+0000</UpdateDate><PriorityName>Critical</PriorityName><TypeName>Unit Test</TypeName><AssigneeName>bhanu Prakash</AssigneeName><IsActive>true</IsActive><HasAfterTest>false</HasAfterTest><IsEligibleForAfterSuite>false</IsEligibleForAfterSuite><ConsiderVisualTestResult>false</ConsiderVisualTestResult><StepGroupUsageCount>0</StepGroupUsageCount><IsPrerequisiteCase>false</IsPrerequisiteCase></TestCase><TestCase><Id>112</Id><IsDataDriven>false</IsDataDriven><IsReviewed>false</IsReviewed><IsStepGroup>false</IsStepGroup><Priority>25</Priority><RequirementId>12</RequirementId><Name>[03] runtime variable TC01 -->TC02-->TC03 [01]</Name><Status>READY</Status><Type>31</Type><ApplicationVersionId>10</ApplicationVersionId><Assignee>1</Assignee><IsManual>false</IsManual><Deleted>false</Deleted><LastRunId>276</LastRunId><CreatedBy>1</CreatedBy><CreatedDate>2024-04-13@12:03:44.000+0000</CreatedDate><UpdatedBy>1</UpdatedBy><UpdateDate>2024-04-15@06:22:19.000+0000</UpdateDate><PriorityName>Critical</PriorityName><TypeName>Unit Test</TypeName><AssigneeName>bhanu Prakash</AssigneeName><IsActive>true</IsActive><HasAfterTest>false</HasAfterTest><IsEligibleForAfterSuite>false</IsEligibleForAfterSuite><ConsiderVisualTestResult>false</ConsiderVisualTestResult><StepGroupUsageCount>0</StepGroupUsageCount><IsPrerequisiteCase>false</IsPrerequisiteCase></TestCase><TestCase><Id>113</Id><IsDataDriven>false</IsDataDriven><IsReviewed>false</IsReviewed><IsStepGroup>false</IsStepGroup><Priority>25</Priority><RequirementId>12</RequirementId><Name>[03] runtime variable TC01 -->TC02-->TC03 [02]</Name><Status>READY</Status><Type>31</Type><ApplicationVersionId>10</ApplicationVersionId><Assignee>1</Assignee><IsManual>false</IsManual><Deleted>false</Deleted><LastRunId>381</LastRunId><CreatedBy>1</CreatedBy><CreatedDate>2024-04-13@12:06:18.000+0000</CreatedDate><UpdatedBy>1</UpdatedBy><UpdateDate>2024-04-15@06:50:40.000+0000</UpdateDate><PriorityName>Critical</PriorityName><TypeName>Unit Test</TypeName><AssigneeName>bhanu Prakash</AssigneeName><IsActive>true</IsActive><HasAfterTest>false</HasAfterTest><IsEligibleForAfterSuite>false</IsEligibleForAfterSuite><ConsiderVisualTestResult>false</ConsiderVisualTestResult><StepGroupUsageCount>0</StepGroupUsageCount><IsPrerequisiteCase>false</IsPrerequisiteCase></TestCase><TestCase><Id>114</Id><IsDataDriven>false</IsDataDriven><IsReviewed>false</IsReviewed><IsStepGroup>false</IsStepGroup><Priority>25</Priority><RequirementId>12</RequirementId><Name>[03] runtime variable TC01 -->TC02-->TC03 [03]</Name><Status>READY</Status><Type>31</Type><ApplicationVersionId>10</ApplicationVersionId><Assignee>1</Assignee><IsManual>false</IsManual><Deleted>false</Deleted><LastRunId>382</LastRunId><CreatedBy>1</CreatedBy><CreatedDate>2024-04-13@12:10:12.000+0000</CreatedDate><UpdatedBy>1</UpdatedBy><UpdateDate>2024-04-15@06:50:40.000+0000</UpdateDate><PriorityName>Critical</PriorityName><TypeName>Unit Test</TypeName><AssigneeName>bhanu Prakash</AssigneeName><IsActive>true</IsActive><HasAfterTest>false</HasAfterTest><IsEligibleForAfterSuite>false</IsEligibleForAfterSuite><ConsiderVisualTestResult>false</ConsiderVisualTestResult><StepGroupUsageCount>0</StepGroupUsageCount><IsPrerequisiteCase>false</IsPrerequisiteCase></TestCase><TestCase><Id>115</Id><IsDataDriven>false</IsDataDriven><IsReviewed>false</IsReviewed><IsStepGroup>false</IsStepGroup><Priority>25</Priority><RequirementId>12</RequirementId><Name>Fail pre-requisite Testcase</Name><Status>READY</Status><Type>31</Type><ApplicationVersionId>10</ApplicationVersionId><Assignee>1</Assignee><IsManual>false</IsManual><Deleted>false</Deleted><LastRunId>358</LastRunId><CreatedBy>1</CreatedBy><CreatedDate>2024-04-13@12:20:30.000+0000</CreatedDate><UpdatedBy>1</UpdatedBy><UpdateDate>2024-04-15@06:29:26.000+0000</UpdateDate><PriorityName>Critical</PriorityName><TypeName>Unit Test</TypeName><AssigneeName>bhanu Prakash</AssigneeName><IsActive>true</IsActive><HasAfterTest>false</HasAfterTest><IsEligibleForAfterSuite>false</IsEligibleForAfterSuite><ConsiderVisualTestResult>false</ConsiderVisualTestResult><StepGroupUsageCount>0</StepGroupUsageCount><IsPrerequisiteCase>true</IsPrerequisiteCase></TestCase><TestCase><Id>116</Id><IsDataDriven>false</IsDataDriven><IsReviewed>false</IsReviewed><IsStepGroup>false</IsStepGroup><Priority>25</Priority><RequirementId>12</RequirementId><Name>Pass dependent testcase</Name><Status>READY</Status><Type>31</Type><ApplicationVersionId>10</ApplicationVersionId><PreRequisite>115</PreRequisite><Assignee>1</Assignee><IsManual>false</IsManual><Deleted>false</Deleted><LastRunId>359</LastRunId><CreatedBy>1</CreatedBy><CreatedDate>2024-04-13@12:21:20.000+0000</CreatedDate><UpdatedBy>1</UpdatedBy><UpdateDate>2024-04-15@06:29:26.000+0000</UpdateDate><PriorityName>Critical</PriorityName><TypeName>Unit Test</TypeName><AssigneeName>bhanu Prakash</AssigneeName><IsActive>true</IsActive><HasAfterTest>false</HasAfterTest><IsEligibleForAfterSuite>false</IsEligibleForAfterSuite><ConsiderVisualTestResult>false</ConsiderVisualTestResult><StepGroupUsageCount>0</StepGroupUsageCount><IsPrerequisiteCase>false</IsPrerequisiteCase></TestCase><TestCase><Id>117</Id><IsDataDriven>false</IsDataDriven><IsReviewed>false</IsReviewed><IsStepGroup>false</IsStepGroup><Priority>25</Priority><RequirementId>12</RequirementId><Name>Pass pre-requisite testcase &amp;?</Name><Status>READY</Status><Type>31</Type><ApplicationVersionId>10</ApplicationVersionId><Assignee>1</Assignee><IsManual>false</IsManual><Deleted>true</Deleted><CreatedBy>1</CreatedBy><CreatedDate>2024-04-13@12:22:37.000+0000</CreatedDate><UpdatedBy>1</UpdatedBy><UpdateDate>2024-04-13@12:23:04.000+0000</UpdateDate><PriorityName>Critical</PriorityName><TypeName>Unit Test</TypeName><AssigneeName>bhanu Prakash</AssigneeName><HasAfterTest>false</HasAfterTest><IsEligibleForAfterSuite>false</IsEligibleForAfterSuite><ConsiderVisualTestResult>false</ConsiderVisualTestResult><StepGroupUsageCount>0</StepGroupUsageCount><IsPrerequisiteCase>false</IsPrerequisiteCase></TestCase><TestCase><Id>118</Id><IsDataDriven>false</IsDataDriven><IsReviewed>false</IsReviewed><IsStepGroup>false</IsStepGroup><Priority>25</Priority><RequirementId>12</RequirementId><Name>Pass suite [01]</Name><Status>READY</Status><Type>31</Type><ApplicationVersionId>10</ApplicationVersionId><Assignee>1</Assignee><IsManual>false</IsManual><Deleted>false</Deleted><LastRunId>379</LastRunId><CreatedBy>1</CreatedBy><CreatedDate>2024-04-13@12:25:49.000+0000</CreatedDate><UpdatedBy>1</UpdatedBy><UpdateDate>2024-04-15@06:50:07.000+0000</UpdateDate><PriorityName>Critical</PriorityName><TypeName>Unit Test</TypeName><AssigneeName>bhanu Prakash</AssigneeName><IsActive>true</IsActive><HasAfterTest>false</HasAfterTest><IsEligibleForAfterSuite>false</IsEligibleForAfterSuite><ConsiderVisualTestResult>false</ConsiderVisualTestResult><StepGroupUsageCount>0</StepGroupUsageCount><IsPrerequisiteCase>false</IsPrerequisiteCase></TestCase><TestCase><Id>119</Id><IsDataDriven>false</IsDataDriven><IsReviewed>false</IsReviewed><IsStepGroup>false</IsStepGroup><Priority>25</Priority><RequirementId>12</RequirementId><Name>Pass suite [02]</Name><Status>READY</Status><Type>31</Type><ApplicationVersionId>10</ApplicationVersionId><Assignee>1</Assignee><IsManual>false</IsManual><Deleted>false</Deleted><LastRunId>380</LastRunId><CreatedBy>1</CreatedBy><CreatedDate>2024-04-13@12:26:01.000+0000</CreatedDate><UpdatedBy>1</UpdatedBy><UpdateDate>2024-04-15@06:50:07.000+0000</UpdateDate><PriorityName>Critical</PriorityName><TypeName>Unit Test</TypeName><AssigneeName>bhanu Prakash</AssigneeName><IsActive>true</IsActive><HasAfterTest>false</HasAfterTest><IsEligibleForAfterSuite>false</IsEligibleForAfterSuite><ConsiderVisualTestResult>false</ConsiderVisualTestResult><StepGroupUsageCount>0</StepGroupUsageCount><IsPrerequisiteCase>false</IsPrerequisiteCase></TestCase><TestCase><Id>120</Id><IsDataDriven>false</IsDataDriven><IsReviewed>false</IsReviewed><IsStepGroup>false</IsStepGroup><Priority>25</Priority><RequirementId>12</RequirementId><Name>Fail suite [01]</Name><Status>READY</Status><Type>31</Type><ApplicationVersionId>10</ApplicationVersionId><Assignee>1</Assignee><IsManual>false</IsManual><Deleted>false</Deleted><LastRunId>377</LastRunId><CreatedBy>1</CreatedBy><CreatedDate>2024-04-13@12:26:20.000+0000</CreatedDate><UpdatedBy>1</UpdatedBy><UpdateDate>2024-04-15@06:50:06.000+0000</UpdateDate><PriorityName>Critical</PriorityName><TypeName>Unit Test</TypeName><AssigneeName>bhanu Prakash</AssigneeName><IsActive>true</IsActive><HasAfterTest>false</HasAfterTest><IsEligibleForAfterSuite>false</IsEligibleForAfterSuite><ConsiderVisualTestResult>false</ConsiderVisualTestResult><StepGroupUsageCount>0</StepGroupUsageCount><IsPrerequisiteCase>false</IsPrerequisiteCase></TestCase><TestCase><Id>121</Id><IsDataDriven>false</IsDataDriven><IsReviewed>false</IsReviewed><IsStepGroup>false</IsStepGroup><Priority>25</Priority><RequirementId>12</RequirementId><Name>Fail suite [02]</Name><Status>READY</Status><Type>31</Type><ApplicationVersionId>10</ApplicationVersionId><Assignee>1</Assignee><IsManual>false</IsManual><Deleted>false</Deleted><LastRunId>378</LastRunId><CreatedBy>1</CreatedBy><CreatedDate>2024-04-13@12:26:46.000+0000</CreatedDate><UpdatedBy>1</UpdatedBy><UpdateDate>2024-04-15@06:50:06.000+0000</UpdateDate><PriorityName>Critical</PriorityName><TypeName>Unit Test</TypeName><AssigneeName>bhanu Prakash</AssigneeName><IsActive>true</IsActive><HasAfterTest>false</HasAfterTest><IsEligibleForAfterSuite>false</IsEligibleForAfterSuite><ConsiderVisualTestResult>false</ConsiderVisualTestResult><StepGroupUsageCount>0</StepGroupUsageCount><IsPrerequisiteCase>false</IsPrerequisiteCase></TestCase><TestCase><Id>122</Id><IsDataDriven>false</IsDataDriven><IsReviewed>false</IsReviewed><IsStepGroup>false</IsStepGroup><Priority>25</Priority><RequirementId>12</RequirementId><Name>[01] pre-requisite suite</Name><Status>READY</Status><Type>31</Type><ApplicationVersionId>10</ApplicationVersionId><Assignee>1</Assignee><IsManual>false</IsManual><Deleted>true</Deleted><CreatedBy>1</CreatedBy><CreatedDate>2024-04-13@12:31:41.000+0000</CreatedDate><UpdatedBy>1</UpdatedBy><UpdateDate>2024-04-13@12:32:36.000+0000</UpdateDate><PriorityName>Critical</PriorityName><TypeName>Unit Test</TypeName><AssigneeName>bhanu Prakash</AssigneeName><HasAfterTest>false</HasAfterTest><IsEligibleForAfterSuite>false</IsEligibleForAfterSuite><ConsiderVisualTestResult>false</ConsiderVisualTestResult><StepGroupUsageCount>0</StepGroupUsageCount><IsPrerequisiteCase>false</IsPrerequisiteCase></TestCase><TestCase><Id>123</Id><IsDataDriven>false</IsDataDriven><IsReviewed>false</IsReviewed><IsStepGroup>false</IsStepGroup><Priority>25</Priority><RequirementId>12</RequirementId><Name>[01] pre-requisite suite [01]</Name><Status>READY</Status><Type>31</Type><ApplicationVersionId>10</ApplicationVersionId><Assignee>1</Assignee><IsManual>false</IsManual><Deleted>false</Deleted><LastRunId>305</LastRunId><CreatedBy>1</CreatedBy><CreatedDate>2024-04-13@12:33:02.000+0000</CreatedDate><UpdatedBy>1</UpdatedBy><UpdateDate>2024-04-15@06:23:51.000+0000</UpdateDate><PriorityName>Critical</PriorityName><TypeName>Unit Test</TypeName><AssigneeName>bhanu Prakash</AssigneeName><IsActive>true</IsActive><HasAfterTest>false</HasAfterTest><IsEligibleForAfterSuite>false</IsEligibleForAfterSuite><ConsiderVisualTestResult>false</ConsiderVisualTestResult><StepGroupUsageCount>0</StepGroupUsageCount><IsPrerequisiteCase>false</IsPrerequisiteCase></TestCase><TestCase><Id>124</Id><IsDataDriven>false</IsDataDriven><IsReviewed>false</IsReviewed><IsStepGroup>false</IsStepGroup><Priority>25</Priority><RequirementId>12</RequirementId><Name>[01] pre-requisite suite [02]</Name><Status>READY</Status><Type>31</Type><ApplicationVersionId>10</ApplicationVersionId><Assignee>1</Assignee><IsManual>false</IsManual><Deleted>false</Deleted><LastRunId>306</LastRunId><CreatedBy>1</CreatedBy><CreatedDate>2024-04-13@12:33:21.000+0000</CreatedDate><UpdatedBy>1</UpdatedBy><UpdateDate>2024-04-15@06:23:52.000+0000</UpdateDate><PriorityName>Critical</PriorityName><TypeName>Unit Test</TypeName><AssigneeName>bhanu Prakash</AssigneeName><IsActive>true</IsActive><HasAfterTest>false</HasAfterTest><IsEligibleForAfterSuite>false</IsEligibleForAfterSuite><ConsiderVisualTestResult>false</ConsiderVisualTestResult><StepGroupUsageCount>0</StepGroupUsageCount><IsPrerequisiteCase>false</IsPrerequisiteCase></TestCase><TestCase><Id>125</Id><IsDataDriven>false</IsDataDriven><IsReviewed>false</IsReviewed><IsStepGroup>false</IsStepGroup><Priority>25</Priority><RequirementId>12</RequirementId><Name>[01] dependent suite [01]</Name><Status>READY</Status><Type>31</Type><ApplicationVersionId>10</ApplicationVersionId><Assignee>1</Assignee><IsManual>false</IsManual><Deleted>false</Deleted><LastRunId>308</LastRunId><CreatedBy>1</CreatedBy><CreatedDate>2024-04-13@12:34:14.000+0000</CreatedDate><UpdatedBy>1</UpdatedBy><UpdateDate>2024-04-15@06:23:52.000+0000</UpdateDate><PriorityName>Critical</PriorityName><TypeName>Unit Test</TypeName><AssigneeName>bhanu Prakash</AssigneeName><IsActive>true</IsActive><HasAfterTest>false</HasAfterTest><IsEligibleForAfterSuite>false</IsEligibleForAfterSuite><ConsiderVisualTestResult>false</ConsiderVisualTestResult><StepGroupUsageCount>0</StepGroupUsageCount><IsPrerequisiteCase>false</IsPrerequisiteCase></TestCase><TestCase><Id>126</Id><IsDataDriven>false</IsDataDriven><IsReviewed>false</IsReviewed><IsStepGroup>false</IsStepGroup><Priority>25</Priority><RequirementId>12</RequirementId><Name>[01] dependent suite [02]</Name><Status>READY</Status><Type>31</Type><ApplicationVersionId>10</ApplicationVersionId><Assignee>1</Assignee><IsManual>false</IsManual><Deleted>false</Deleted><LastRunId>309</LastRunId><CreatedBy>1</CreatedBy><CreatedDate>2024-04-13@12:34:52.000+0000</CreatedDate><UpdatedBy>1</UpdatedBy><UpdateDate>2024-04-15@06:23:52.000+0000</UpdateDate><PriorityName>Critical</PriorityName><TypeName>Unit Test</TypeName><AssigneeName>bhanu Prakash</AssigneeName><IsActive>true</IsActive><HasAfterTest>false</HasAfterTest><IsEligibleForAfterSuite>false</IsEligibleForAfterSuite><ConsiderVisualTestResult>false</ConsiderVisualTestResult><StepGroupUsageCount>0</StepGroupUsageCount><IsPrerequisiteCase>false</IsPrerequisiteCase></TestCase><TestCase><Id>127</Id><IsDataDriven>false</IsDataDriven><IsReviewed>false</IsReviewed><IsStepGroup>false</IsStepGroup><Priority>25</Priority><RequirementId>12</RequirementId><Name>[01] pre-requisite suite [03] (Fail)</Name><Status>READY</Status><Type>31</Type><ApplicationVersionId>10</ApplicationVersionId><Assignee>1</Assignee><IsManual>false</IsManual><Deleted>false</Deleted><LastRunId>307</LastRunId><CreatedBy>1</CreatedBy><CreatedDate>2024-04-13@13:50:44.000+0000</CreatedDate><UpdatedBy>1</UpdatedBy><UpdateDate>2024-04-15@06:23:52.000+0000</UpdateDate><PriorityName>Critical</PriorityName><TypeName>Unit Test</TypeName><AssigneeName>bhanu Prakash</AssigneeName><IsActive>true</IsActive><HasAfterTest>false</HasAfterTest><IsEligibleForAfterSuite>false</IsEligibleForAfterSuite><ConsiderVisualTestResult>false</ConsiderVisualTestResult><StepGroupUsageCount>0</StepGroupUsageCount><IsPrerequisiteCase>false</IsPrerequisiteCase></TestCase><TestCase><Id>128</Id><IsDataDriven>false</IsDataDriven><IsReviewed>false</IsReviewed><IsStepGroup>false</IsStepGroup><Priority>25</Priority><RequirementId>12</RequirementId><Name>Untitled</Name><Status>READY</Status><Type>31</Type><ApplicationVersionId>10</ApplicationVersionId><Assignee>1</Assignee><IsManual>false</IsManual><Deleted>true</Deleted><CreatedBy>1</CreatedBy><CreatedDate>2024-04-13@13:52:49.000+0000</CreatedDate><UpdatedBy>1</UpdatedBy><UpdateDate>2024-04-13@13:52:54.000+0000</UpdateDate><PriorityName>Critical</PriorityName><TypeName>Unit Test</TypeName><AssigneeName>bhanu Prakash</AssigneeName><HasAfterTest>false</HasAfterTest><IsEligibleForAfterSuite>false</IsEligibleForAfterSuite><ConsiderVisualTestResult>false</ConsiderVisualTestResult><StepGroupUsageCount>0</StepGroupUsageCount><IsPrerequisiteCase>false</IsPrerequisiteCase></TestCase><TestCase><Id>129</Id><IsDataDriven>false</IsDataDriven><IsReviewed>false</IsReviewed><IsStepGroup>false</IsStepGroup><Priority>25</Priority><RequirementId>12</RequirementId><Name>Suite level run time store</Name><Status>READY</Status><Type>31</Type><ApplicationVersionId>10</ApplicationVersionId><Assignee>1</Assignee><IsManual>false</IsManual><Deleted>false</Deleted><LastRunId>360</LastRunId><CreatedBy>1</CreatedBy><CreatedDate>2024-04-13@14:47:33.000+0000</CreatedDate><UpdatedBy>1</UpdatedBy><UpdateDate>2024-04-15@06:30:40.000+0000</UpdateDate><PriorityName>Critical</PriorityName><TypeName>Unit Test</TypeName><AssigneeName>bhanu Prakash</AssigneeName><IsActive>true</IsActive><HasAfterTest>false</HasAfterTest><IsEligibleForAfterSuite>false</IsEligibleForAfterSuite><ConsiderVisualTestResult>false</ConsiderVisualTestResult><StepGroupUsageCount>0</StepGroupUsageCount><IsPrerequisiteCase>false</IsPrerequisiteCase></TestCase><TestCase><Id>130</Id><IsDataDriven>false</IsDataDriven><IsReviewed>false</IsReviewed><IsStepGroup>false</IsStepGroup><Priority>25</Priority><RequirementId>12</RequirementId><Name>Suite level run time use</Name><Status>READY</Status><Type>31</Type><ApplicationVersionId>10</ApplicationVersionId><Assignee>1</Assignee><IsManual>false</IsManual><Deleted>false</Deleted><LastRunId>361</LastRunId><CreatedBy>1</CreatedBy><CreatedDate>2024-04-13@14:50:03.000+0000</CreatedDate><UpdatedBy>1</UpdatedBy><UpdateDate>2024-04-15@06:30:40.000+0000</UpdateDate><PriorityName>Critical</PriorityName><TypeName>Unit Test</TypeName><AssigneeName>bhanu Prakash</AssigneeName><IsActive>true</IsActive><HasAfterTest>false</HasAfterTest><IsEligibleForAfterSuite>false</IsEligibleForAfterSuite><ConsiderVisualTestResult>false</ConsiderVisualTestResult><StepGroupUsageCount>0</StepGroupUsageCount><IsPrerequisiteCase>false</IsPrerequisiteCase></TestCase><TestCase><Id>131</Id><IsDataDriven>false</IsDataDriven><IsReviewed>false</IsReviewed><IsStepGroup>false</IsStepGroup><Priority>25</Priority><RequirementId>12</RequirementId><Name>Untitled</Name><Status>READY</Status><Type>31</Type><ApplicationVersionId>10</ApplicationVersionId><Assignee>1</Assignee><IsManual>false</IsManual><Deleted>true</Deleted><CreatedBy>1</CreatedBy><CreatedDate>2024-04-15@06:03:55.000+0000</CreatedDate><UpdatedBy>1</UpdatedBy><UpdateDate>2024-04-15@06:04:04.000+0000</UpdateDate><PriorityName>Critical</PriorityName><TypeName>Unit Test</TypeName><AssigneeName>bhanu Prakash</AssigneeName><HasAfterTest>false</HasAfterTest><IsEligibleForAfterSuite>false</IsEligibleForAfterSuite><ConsiderVisualTestResult>false</ConsiderVisualTestResult><StepGroupUsageCount>0</StepGroupUsageCount><IsPrerequisiteCase>false</IsPrerequisiteCase></TestCase></TestCases>