<EnvironmentSuiteMappings><EnvironmentSuiteMapping><Id>145</Id><SuiteId>46</SuiteId><EnvironmentId>61</EnvironmentId><Position>1</Position><RunTestCasesInParallel>false</RunTestCasesInParallel></EnvironmentSuiteMapping><EnvironmentSuiteMapping><Id>70</Id><SuiteId>47</SuiteId><EnvironmentId>62</EnvironmentId><Position>1</Position><RunTestCasesInParallel>false</RunTestCasesInParallel></EnvironmentSuiteMapping><EnvironmentSuiteMapping><Id>71</Id><SuiteId>48</SuiteId><EnvironmentId>62</EnvironmentId><Position>2</Position><RunTestCasesInParallel>false</RunTestCasesInParallel></EnvironmentSuiteMapping><EnvironmentSuiteMapping><Id>72</Id><SuiteId>50</SuiteId><EnvironmentId>62</EnvironmentId><Position>3</Position><RunTestCasesInParallel>false</RunTestCasesInParallel></EnvironmentSuiteMapping><EnvironmentSuiteMapping><Id>73</Id><SuiteId>51</SuiteId><EnvironmentId>62</EnvironmentId><Position>4</Position><RunTestCasesInParallel>false</RunTestCasesInParallel></EnvironmentSuiteMapping><EnvironmentSuiteMapping><Id>74</Id><SuiteId>52</SuiteId><EnvironmentId>62</EnvironmentId><Position>5</Position><RunTestCasesInParallel>false</RunTestCasesInParallel></EnvironmentSuiteMapping><EnvironmentSuiteMapping><Id>75</Id><SuiteId>53</SuiteId><EnvironmentId>63</EnvironmentId><Position>1</Position><RunTestCasesInParallel>false</RunTestCasesInParallel></EnvironmentSuiteMapping><EnvironmentSuiteMapping><Id>76</Id><SuiteId>54</SuiteId><EnvironmentId>63</EnvironmentId><Position>2</Position><RunTestCasesInParallel>false</RunTestCasesInParallel></EnvironmentSuiteMapping><EnvironmentSuiteMapping><Id>77</Id><SuiteId>53</SuiteId><EnvironmentId>64</EnvironmentId><Position>1</Position><RunTestCasesInParallel>true</RunTestCasesInParallel></EnvironmentSuiteMapping><EnvironmentSuiteMapping><Id>78</Id><SuiteId>54</SuiteId><EnvironmentId>64</EnvironmentId><Position>2</Position><RunTestCasesInParallel>true</RunTestCasesInParallel></EnvironmentSuiteMapping><EnvironmentSuiteMapping><Id>79</Id><SuiteId>53</SuiteId><EnvironmentId>65</EnvironmentId><Position>1</Position><RunTestCasesInParallel>false</RunTestCasesInParallel></EnvironmentSuiteMapping><EnvironmentSuiteMapping><Id>80</Id><SuiteId>54</SuiteId><EnvironmentId>65</EnvironmentId><Position>2</Position><RunTestCasesInParallel>false</RunTestCasesInParallel></EnvironmentSuiteMapping><EnvironmentSuiteMapping><Id>83</Id><SuiteId>53</SuiteId><EnvironmentId>66</EnvironmentId><Position>1</Position><RunTestCasesInParallel>false</RunTestCasesInParallel></EnvironmentSuiteMapping><EnvironmentSuiteMapping><Id>84</Id><SuiteId>54</SuiteId><EnvironmentId>66</EnvironmentId><Position>2</Position><RunTestCasesInParallel>false</RunTestCasesInParallel></EnvironmentSuiteMapping><EnvironmentSuiteMapping><Id>85</Id><SuiteId>53</SuiteId><EnvironmentId>67</EnvironmentId><Position>1</Position><RunTestCasesInParallel>false</RunTestCasesInParallel></EnvironmentSuiteMapping><EnvironmentSuiteMapping><Id>86</Id><SuiteId>54</SuiteId><EnvironmentId>67</EnvironmentId><Position>2</Position><RunTestCasesInParallel>false</RunTestCasesInParallel></EnvironmentSuiteMapping><EnvironmentSuiteMapping><Id>87</Id><SuiteId>55</SuiteId><EnvironmentId>68</EnvironmentId><Position>1</Position><RunTestCasesInParallel>false</RunTestCasesInParallel></EnvironmentSuiteMapping><EnvironmentSuiteMapping><Id>88</Id><SuiteId>56</SuiteId><EnvironmentId>69</EnvironmentId><Position>1</Position><RunTestCasesInParallel>false</RunTestCasesInParallel></EnvironmentSuiteMapping><EnvironmentSuiteMapping><Id>136</Id><SuiteId>57</SuiteId><EnvironmentId>70</EnvironmentId><Position>1</Position><RunTestCasesInParallel>false</RunTestCasesInParallel></EnvironmentSuiteMapping><EnvironmentSuiteMapping><Id>141</Id><SuiteId>58</SuiteId><EnvironmentId>71</EnvironmentId><Position>1</Position><RunTestCasesInParallel>false</RunTestCasesInParallel></EnvironmentSuiteMapping><EnvironmentSuiteMapping><Id>143</Id><SuiteId>59</SuiteId><EnvironmentId>72</EnvironmentId><Position>1</Position><RunTestCasesInParallel>false</RunTestCasesInParallel></EnvironmentSuiteMapping><EnvironmentSuiteMapping><Id>94</Id><SuiteId>60</SuiteId><EnvironmentId>73</EnvironmentId><Position>1</Position><RunTestCasesInParallel>false</RunTestCasesInParallel></EnvironmentSuiteMapping><EnvironmentSuiteMapping><Id>100</Id><SuiteId>65</SuiteId><EnvironmentId>76</EnvironmentId><Position>1</Position><RunTestCasesInParallel>false</RunTestCasesInParallel></EnvironmentSuiteMapping><EnvironmentSuiteMapping><Id>101</Id><SuiteId>66</SuiteId><EnvironmentId>76</EnvironmentId><Position>2</Position><RunTestCasesInParallel>false</RunTestCasesInParallel></EnvironmentSuiteMapping><EnvironmentSuiteMapping><Id>102</Id><SuiteId>67</SuiteId><EnvironmentId>76</EnvironmentId><Position>3</Position><RunTestCasesInParallel>false</RunTestCasesInParallel></EnvironmentSuiteMapping></EnvironmentSuiteMappings>