<TestCases><TestCase><Id>92</Id><IsDataDriven>false</IsDataDriven><IsReviewed>false</IsReviewed><IsStepGroup>false</IsStepGroup><Priority>25</Priority><RequirementId>12</RequirementId><Name>Pre requisite PR01</Name><Status>READY</Status><Type>31</Type><ApplicationVersionId>10</ApplicationVersionId><Assignee>1</Assignee><IsManual>false</IsManual><Deleted>false</Deleted><LastRunId>263</LastRunId><CreatedBy>1</CreatedBy><CreatedDate>2024-04-13@09:57:07.000+0000</CreatedDate><UpdatedBy>1</UpdatedBy><UpdateDate>2024-04-15@06:17:17.000+0000</UpdateDate><PriorityName>Critical</PriorityName><TypeName>Unit Test</TypeName><AssigneeName>bhanu Prakash</AssigneeName><IsActive>true</IsActive><HasAfterTest>false</HasAfterTest><IsEligibleForAfterSuite>false</IsEligibleForAfterSuite><ConsiderVisualTestResult>false</ConsiderVisualTestResult><StepGroupUsageCount>0</StepGroupUsageCount><IsPrerequisiteCase>true</IsPrerequisiteCase></TestCase><TestCase><Id>92</Id><IsDataDriven>false</IsDataDriven><IsReviewed>false</IsReviewed><IsStepGroup>false</IsStepGroup><Priority>25</Priority><RequirementId>12</RequirementId><Name>Pre requisite PR01</Name><Status>READY</Status><Type>31</Type><ApplicationVersionId>10</ApplicationVersionId><Assignee>1</Assignee><IsManual>false</IsManual><Deleted>false</Deleted><LastRunId>263</LastRunId><CreatedBy>1</CreatedBy><CreatedDate>2024-04-13@09:57:07.000+0000</CreatedDate><UpdatedBy>1</UpdatedBy><UpdateDate>2024-04-15@06:17:17.000+0000</UpdateDate><PriorityName>Critical</PriorityName><TypeName>Unit Test</TypeName><AssigneeName>bhanu Prakash</AssigneeName><IsActive>true</IsActive><HasAfterTest>false</HasAfterTest><IsEligibleForAfterSuite>false</IsEligibleForAfterSuite><ConsiderVisualTestResult>false</ConsiderVisualTestResult><StepGroupUsageCount>0</StepGroupUsageCount><IsPrerequisiteCase>true</IsPrerequisiteCase></TestCase><TestCase><Id>92</Id><IsDataDriven>false</IsDataDriven><IsReviewed>false</IsReviewed><IsStepGroup>false</IsStepGroup><Priority>25</Priority><RequirementId>12</RequirementId><Name>Pre requisite PR01</Name><Status>READY</Status><Type>31</Type><ApplicationVersionId>10</ApplicationVersionId><Assignee>1</Assignee><IsManual>false</IsManual><Deleted>false</Deleted><LastRunId>263</LastRunId><CreatedBy>1</CreatedBy><CreatedDate>2024-04-13@09:57:07.000+0000</CreatedDate><UpdatedBy>1</UpdatedBy><UpdateDate>2024-04-15@06:17:17.000+0000</UpdateDate><PriorityName>Critical</PriorityName><TypeName>Unit Test</TypeName><AssigneeName>bhanu Prakash</AssigneeName><IsActive>true</IsActive><HasAfterTest>false</HasAfterTest><IsEligibleForAfterSuite>false</IsEligibleForAfterSuite><ConsiderVisualTestResult>false</ConsiderVisualTestResult><StepGroupUsageCount>0</StepGroupUsageCount><IsPrerequisiteCase>true</IsPrerequisiteCase></TestCase><TestCase><Id>92</Id><IsDataDriven>false</IsDataDriven><IsReviewed>false</IsReviewed><IsStepGroup>false</IsStepGroup><Priority>25</Priority><RequirementId>12</RequirementId><Name>Pre requisite PR01</Name><Status>READY</Status><Type>31</Type><ApplicationVersionId>10</ApplicationVersionId><Assignee>1</Assignee><IsManual>false</IsManual><Deleted>false</Deleted><LastRunId>263</LastRunId><CreatedBy>1</CreatedBy><CreatedDate>2024-04-13@09:57:07.000+0000</CreatedDate><UpdatedBy>1</UpdatedBy><UpdateDate>2024-04-15@06:17:17.000+0000</UpdateDate><PriorityName>Critical</PriorityName><TypeName>Unit Test</TypeName><AssigneeName>bhanu Prakash</AssigneeName><IsActive>true</IsActive><HasAfterTest>false</HasAfterTest><IsEligibleForAfterSuite>false</IsEligibleForAfterSuite><ConsiderVisualTestResult>false</ConsiderVisualTestResult><StepGroupUsageCount>0</StepGroupUsageCount><IsPrerequisiteCase>true</IsPrerequisiteCase></TestCase><TestCase><Id>92</Id><IsDataDriven>false</IsDataDriven><IsReviewed>false</IsReviewed><IsStepGroup>false</IsStepGroup><Priority>25</Priority><RequirementId>12</RequirementId><Name>Pre requisite PR01</Name><Status>READY</Status><Type>31</Type><ApplicationVersionId>10</ApplicationVersionId><Assignee>1</Assignee><IsManual>false</IsManual><Deleted>false</Deleted><LastRunId>263</LastRunId><CreatedBy>1</CreatedBy><CreatedDate>2024-04-13@09:57:07.000+0000</CreatedDate><UpdatedBy>1</UpdatedBy><UpdateDate>2024-04-15@06:17:17.000+0000</UpdateDate><PriorityName>Critical</PriorityName><TypeName>Unit Test</TypeName><AssigneeName>bhanu Prakash</AssigneeName><IsActive>true</IsActive><HasAfterTest>false</HasAfterTest><IsEligibleForAfterSuite>false</IsEligibleForAfterSuite><ConsiderVisualTestResult>false</ConsiderVisualTestResult><StepGroupUsageCount>0</StepGroupUsageCount><IsPrerequisiteCase>true</IsPrerequisiteCase></TestCase><TestCase><Id>100</Id><IsDataDriven>false</IsDataDriven><IsReviewed>false</IsReviewed><IsStepGroup>false</IsStepGroup><Priority>25</Priority><RequirementId>12</RequirementId><Name>Chain pre requisite 01</Name><Status>READY</Status><Type>31</Type><ApplicationVersionId>10</ApplicationVersionId><Assignee>1</Assignee><IsManual>false</IsManual><Deleted>false</Deleted><LastRunId>265</LastRunId><CreatedBy>1</CreatedBy><CreatedDate>2024-04-13@10:09:50.000+0000</CreatedDate><UpdatedBy>1</UpdatedBy><UpdateDate>2024-04-15@06:17:25.000+0000</UpdateDate><PriorityName>Critical</PriorityName><TypeName>Unit Test</TypeName><AssigneeName>bhanu Prakash</AssigneeName><IsActive>true</IsActive><HasAfterTest>false</HasAfterTest><IsEligibleForAfterSuite>false</IsEligibleForAfterSuite><ConsiderVisualTestResult>false</ConsiderVisualTestResult><StepGroupUsageCount>0</StepGroupUsageCount><IsPrerequisiteCase>true</IsPrerequisiteCase></TestCase><TestCase><Id>101</Id><IsDataDriven>false</IsDataDriven><IsReviewed>false</IsReviewed><IsStepGroup>false</IsStepGroup><Priority>25</Priority><RequirementId>12</RequirementId><Name>Chain pre requisite 02</Name><Status>READY</Status><Type>31</Type><ApplicationVersionId>10</ApplicationVersionId><PreRequisite>100</PreRequisite><Assignee>1</Assignee><IsManual>false</IsManual><Deleted>false</Deleted><LastRunId>266</LastRunId><CreatedBy>1</CreatedBy><CreatedDate>2024-04-13@10:10:04.000+0000</CreatedDate><UpdatedBy>1</UpdatedBy><UpdateDate>2024-04-15@06:17:25.000+0000</UpdateDate><PriorityName>Critical</PriorityName><TypeName>Unit Test</TypeName><AssigneeName>bhanu Prakash</AssigneeName><IsActive>true</IsActive><HasAfterTest>false</HasAfterTest><IsEligibleForAfterSuite>false</IsEligibleForAfterSuite><ConsiderVisualTestResult>false</ConsiderVisualTestResult><StepGroupUsageCount>0</StepGroupUsageCount><IsPrerequisiteCase>true</IsPrerequisiteCase></TestCase><TestCase><Id>102</Id><IsDataDriven>false</IsDataDriven><IsReviewed>false</IsReviewed><IsStepGroup>false</IsStepGroup><Priority>25</Priority><RequirementId>12</RequirementId><Name>Chain pre requisite 03</Name><Status>READY</Status><Type>31</Type><ApplicationVersionId>10</ApplicationVersionId><PreRequisite>101</PreRequisite><Assignee>1</Assignee><IsManual>false</IsManual><Deleted>false</Deleted><LastRunId>267</LastRunId><CreatedBy>1</CreatedBy><CreatedDate>2024-04-13@10:10:41.000+0000</CreatedDate><UpdatedBy>1</UpdatedBy><UpdateDate>2024-04-15@06:17:25.000+0000</UpdateDate><PriorityName>Critical</PriorityName><TypeName>Unit Test</TypeName><AssigneeName>bhanu Prakash</AssigneeName><IsActive>true</IsActive><HasAfterTest>false</HasAfterTest><IsEligibleForAfterSuite>false</IsEligibleForAfterSuite><ConsiderVisualTestResult>false</ConsiderVisualTestResult><StepGroupUsageCount>0</StepGroupUsageCount><IsPrerequisiteCase>true</IsPrerequisiteCase></TestCase><TestCase><Id>103</Id><IsDataDriven>false</IsDataDriven><IsReviewed>false</IsReviewed><IsStepGroup>false</IsStepGroup><Priority>25</Priority><RequirementId>12</RequirementId><Name>Chain pre requisite 04</Name><Status>READY</Status><Type>31</Type><ApplicationVersionId>10</ApplicationVersionId><PreRequisite>102</PreRequisite><Assignee>1</Assignee><IsManual>false</IsManual><Deleted>false</Deleted><LastRunId>268</LastRunId><CreatedBy>1</CreatedBy><CreatedDate>2024-04-13@10:11:16.000+0000</CreatedDate><UpdatedBy>1</UpdatedBy><UpdateDate>2024-04-15@06:17:25.000+0000</UpdateDate><PriorityName>Critical</PriorityName><TypeName>Unit Test</TypeName><AssigneeName>bhanu Prakash</AssigneeName><IsActive>true</IsActive><HasAfterTest>false</HasAfterTest><IsEligibleForAfterSuite>false</IsEligibleForAfterSuite><ConsiderVisualTestResult>false</ConsiderVisualTestResult><StepGroupUsageCount>0</StepGroupUsageCount><IsPrerequisiteCase>true</IsPrerequisiteCase></TestCase><TestCase><Id>82</Id><IsDataDriven>false</IsDataDriven><IsReviewed>false</IsReviewed><IsStepGroup>false</IsStepGroup><Priority>25</Priority><RequirementId>12</RequirementId><Name>Testcase 001</Name><Status>READY</Status><Type>31</Type><ApplicationVersionId>10</ApplicationVersionId><Assignee>1</Assignee><IsManual>false</IsManual><Deleted>false</Deleted><LastRunId>486</LastRunId><CreatedBy>1</CreatedBy><CreatedDate>2024-04-13@09:18:37.000+0000</CreatedDate><UpdatedBy>1</UpdatedBy><UpdateDate>2024-04-15@07:28:49.000+0000</UpdateDate><PriorityName>Critical</PriorityName><TypeName>Unit Test</TypeName><AssigneeName>bhanu Prakash</AssigneeName><IsActive>true</IsActive><HasAfterTest>false</HasAfterTest><IsEligibleForAfterSuite>false</IsEligibleForAfterSuite><ConsiderVisualTestResult>false</ConsiderVisualTestResult><StepGroupUsageCount>0</StepGroupUsageCount><IsPrerequisiteCase>false</IsPrerequisiteCase></TestCase><TestCase><Id>83</Id><IsDataDriven>false</IsDataDriven><IsReviewed>false</IsReviewed><IsStepGroup>false</IsStepGroup><Priority>25</Priority><RequirementId>12</RequirementId><Name>Testcase 002</Name><Status>READY</Status><Type>31</Type><ApplicationVersionId>10</ApplicationVersionId><Assignee>1</Assignee><IsManual>false</IsManual><Deleted>false</Deleted><LastRunId>487</LastRunId><CreatedBy>1</CreatedBy><CreatedDate>2024-04-13@09:20:09.000+0000</CreatedDate><UpdatedBy>1</UpdatedBy><UpdateDate>2024-04-15@07:28:49.000+0000</UpdateDate><PriorityName>Critical</PriorityName><TypeName>Unit Test</TypeName><AssigneeName>bhanu Prakash</AssigneeName><IsActive>true</IsActive><HasAfterTest>false</HasAfterTest><IsEligibleForAfterSuite>false</IsEligibleForAfterSuite><ConsiderVisualTestResult>false</ConsiderVisualTestResult><StepGroupUsageCount>0</StepGroupUsageCount><IsPrerequisiteCase>false</IsPrerequisiteCase></TestCase><TestCase><Id>84</Id><IsDataDriven>false</IsDataDriven><IsReviewed>false</IsReviewed><IsStepGroup>false</IsStepGroup><Priority>25</Priority><RequirementId>12</RequirementId><Name>Testcase 003</Name><Status>READY</Status><Type>31</Type><ApplicationVersionId>10</ApplicationVersionId><Assignee>1</Assignee><IsManual>false</IsManual><Deleted>false</Deleted><LastRunId>488</LastRunId><CreatedBy>1</CreatedBy><CreatedDate>2024-04-13@09:20:26.000+0000</CreatedDate><UpdatedBy>1</UpdatedBy><UpdateDate>2024-04-15@07:28:50.000+0000</UpdateDate><PriorityName>Critical</PriorityName><TypeName>Unit Test</TypeName><AssigneeName>bhanu Prakash</AssigneeName><IsActive>true</IsActive><HasAfterTest>false</HasAfterTest><IsEligibleForAfterSuite>false</IsEligibleForAfterSuite><ConsiderVisualTestResult>false</ConsiderVisualTestResult><StepGroupUsageCount>0</StepGroupUsageCount><IsPrerequisiteCase>false</IsPrerequisiteCase></TestCase><TestCase><Id>85</Id><IsDataDriven>false</IsDataDriven><IsReviewed>false</IsReviewed><IsStepGroup>false</IsStepGroup><Priority>25</Priority><RequirementId>12</RequirementId><Name>Testcase 004</Name><Status>READY</Status><Type>31</Type><ApplicationVersionId>10</ApplicationVersionId><Assignee>1</Assignee><IsManual>false</IsManual><Deleted>false</Deleted><LastRunId>489</LastRunId><CreatedBy>1</CreatedBy><CreatedDate>2024-04-13@09:32:18.000+0000</CreatedDate><UpdatedBy>1</UpdatedBy><UpdateDate>2024-04-15@07:28:50.000+0000</UpdateDate><PriorityName>Critical</PriorityName><TypeName>Unit Test</TypeName><AssigneeName>bhanu Prakash</AssigneeName><IsActive>true</IsActive><HasAfterTest>false</HasAfterTest><IsEligibleForAfterSuite>false</IsEligibleForAfterSuite><ConsiderVisualTestResult>false</ConsiderVisualTestResult><StepGroupUsageCount>0</StepGroupUsageCount><IsPrerequisiteCase>false</IsPrerequisiteCase></TestCase><TestCase><Id>86</Id><IsDataDriven>false</IsDataDriven><IsReviewed>false</IsReviewed><IsStepGroup>false</IsStepGroup><Priority>25</Priority><RequirementId>12</RequirementId><Name>Testcase 005</Name><Status>READY</Status><Type>31</Type><ApplicationVersionId>10</ApplicationVersionId><Assignee>1</Assignee><IsManual>false</IsManual><Deleted>false</Deleted><LastRunId>490</LastRunId><CreatedBy>1</CreatedBy><CreatedDate>2024-04-13@09:32:31.000+0000</CreatedDate><UpdatedBy>1</UpdatedBy><UpdateDate>2024-04-15@07:28:50.000+0000</UpdateDate><PriorityName>Critical</PriorityName><TypeName>Unit Test</TypeName><AssigneeName>bhanu Prakash</AssigneeName><IsActive>true</IsActive><HasAfterTest>false</HasAfterTest><IsEligibleForAfterSuite>false</IsEligibleForAfterSuite><ConsiderVisualTestResult>false</ConsiderVisualTestResult><StepGroupUsageCount>0</StepGroupUsageCount><IsPrerequisiteCase>false</IsPrerequisiteCase></TestCase><TestCase><Id>87</Id><IsDataDriven>false</IsDataDriven><IsReviewed>false</IsReviewed><IsStepGroup>false</IsStepGroup><Priority>25</Priority><RequirementId>12</RequirementId><Name>Testcase 006</Name><Status>READY</Status><Type>31</Type><ApplicationVersionId>10</ApplicationVersionId><Assignee>1</Assignee><IsManual>false</IsManual><Deleted>false</Deleted><LastRunId>491</LastRunId><CreatedBy>1</CreatedBy><CreatedDate>2024-04-13@09:32:42.000+0000</CreatedDate><UpdatedBy>1</UpdatedBy><UpdateDate>2024-04-15@07:28:50.000+0000</UpdateDate><PriorityName>Critical</PriorityName><TypeName>Unit Test</TypeName><AssigneeName>bhanu Prakash</AssigneeName><IsActive>true</IsActive><HasAfterTest>false</HasAfterTest><IsEligibleForAfterSuite>false</IsEligibleForAfterSuite><ConsiderVisualTestResult>false</ConsiderVisualTestResult><StepGroupUsageCount>0</StepGroupUsageCount><IsPrerequisiteCase>false</IsPrerequisiteCase></TestCase><TestCase><Id>88</Id><IsDataDriven>false</IsDataDriven><IsReviewed>false</IsReviewed><IsStepGroup>false</IsStepGroup><Priority>25</Priority><RequirementId>12</RequirementId><Name>Testcase 007</Name><Status>READY</Status><Type>31</Type><ApplicationVersionId>10</ApplicationVersionId><Assignee>1</Assignee><IsManual>false</IsManual><Deleted>false</Deleted><LastRunId>492</LastRunId><CreatedBy>1</CreatedBy><CreatedDate>2024-04-13@09:32:53.000+0000</CreatedDate><UpdatedBy>1</UpdatedBy><UpdateDate>2024-04-15@07:28:50.000+0000</UpdateDate><PriorityName>Critical</PriorityName><TypeName>Unit Test</TypeName><AssigneeName>bhanu Prakash</AssigneeName><IsActive>true</IsActive><HasAfterTest>false</HasAfterTest><IsEligibleForAfterSuite>false</IsEligibleForAfterSuite><ConsiderVisualTestResult>false</ConsiderVisualTestResult><StepGroupUsageCount>0</StepGroupUsageCount><IsPrerequisiteCase>false</IsPrerequisiteCase></TestCase><TestCase><Id>89</Id><IsDataDriven>false</IsDataDriven><IsReviewed>false</IsReviewed><IsStepGroup>false</IsStepGroup><Priority>25</Priority><RequirementId>12</RequirementId><Name>Testcase 008</Name><Status>READY</Status><Type>31</Type><ApplicationVersionId>10</ApplicationVersionId><Assignee>1</Assignee><IsManual>false</IsManual><Deleted>false</Deleted><LastRunId>493</LastRunId><CreatedBy>1</CreatedBy><CreatedDate>2024-04-13@09:33:04.000+0000</CreatedDate><UpdatedBy>1</UpdatedBy><UpdateDate>2024-04-15@07:28:50.000+0000</UpdateDate><PriorityName>Critical</PriorityName><TypeName>Unit Test</TypeName><AssigneeName>bhanu Prakash</AssigneeName><IsActive>true</IsActive><HasAfterTest>false</HasAfterTest><IsEligibleForAfterSuite>false</IsEligibleForAfterSuite><ConsiderVisualTestResult>false</ConsiderVisualTestResult><StepGroupUsageCount>0</StepGroupUsageCount><IsPrerequisiteCase>false</IsPrerequisiteCase></TestCase><TestCase><Id>90</Id><IsDataDriven>false</IsDataDriven><IsReviewed>false</IsReviewed><IsStepGroup>false</IsStepGroup><Priority>25</Priority><RequirementId>12</RequirementId><Name>Testcase 009</Name><Status>READY</Status><Type>31</Type><ApplicationVersionId>10</ApplicationVersionId><Assignee>1</Assignee><IsManual>false</IsManual><Deleted>false</Deleted><LastRunId>494</LastRunId><CreatedBy>1</CreatedBy><CreatedDate>2024-04-13@09:33:14.000+0000</CreatedDate><UpdatedBy>1</UpdatedBy><UpdateDate>2024-04-15@07:28:51.000+0000</UpdateDate><PriorityName>Critical</PriorityName><TypeName>Unit Test</TypeName><AssigneeName>bhanu Prakash</AssigneeName><IsActive>true</IsActive><HasAfterTest>false</HasAfterTest><IsEligibleForAfterSuite>false</IsEligibleForAfterSuite><ConsiderVisualTestResult>false</ConsiderVisualTestResult><StepGroupUsageCount>0</StepGroupUsageCount><IsPrerequisiteCase>false</IsPrerequisiteCase></TestCase><TestCase><Id>91</Id><IsDataDriven>false</IsDataDriven><IsReviewed>false</IsReviewed><IsStepGroup>false</IsStepGroup><Priority>25</Priority><RequirementId>12</RequirementId><Name>Testcase 010</Name><Status>READY</Status><Type>31</Type><ApplicationVersionId>10</ApplicationVersionId><Assignee>1</Assignee><IsManual>false</IsManual><Deleted>false</Deleted><LastRunId>495</LastRunId><CreatedBy>1</CreatedBy><CreatedDate>2024-04-13@09:33:26.000+0000</CreatedDate><UpdatedBy>1</UpdatedBy><UpdateDate>2024-04-15@07:28:51.000+0000</UpdateDate><PriorityName>Critical</PriorityName><TypeName>Unit Test</TypeName><AssigneeName>bhanu Prakash</AssigneeName><IsActive>true</IsActive><HasAfterTest>false</HasAfterTest><IsEligibleForAfterSuite>false</IsEligibleForAfterSuite><ConsiderVisualTestResult>false</ConsiderVisualTestResult><StepGroupUsageCount>0</StepGroupUsageCount><IsPrerequisiteCase>false</IsPrerequisiteCase></TestCase><TestCase><Id>92</Id><IsDataDriven>false</IsDataDriven><IsReviewed>false</IsReviewed><IsStepGroup>false</IsStepGroup><Priority>25</Priority><RequirementId>12</RequirementId><Name>Pre requisite PR01</Name><Status>READY</Status><Type>31</Type><ApplicationVersionId>10</ApplicationVersionId><Assignee>1</Assignee><IsManual>false</IsManual><Deleted>false</Deleted><LastRunId>263</LastRunId><CreatedBy>1</CreatedBy><CreatedDate>2024-04-13@09:57:07.000+0000</CreatedDate><UpdatedBy>1</UpdatedBy><UpdateDate>2024-04-15@06:17:17.000+0000</UpdateDate><PriorityName>Critical</PriorityName><TypeName>Unit Test</TypeName><AssigneeName>bhanu Prakash</AssigneeName><IsActive>true</IsActive><HasAfterTest>false</HasAfterTest><IsEligibleForAfterSuite>false</IsEligibleForAfterSuite><ConsiderVisualTestResult>false</ConsiderVisualTestResult><StepGroupUsageCount>0</StepGroupUsageCount><IsPrerequisiteCase>true</IsPrerequisiteCase></TestCase><TestCase><Id>93</Id><IsDataDriven>false</IsDataDriven><IsReviewed>false</IsReviewed><IsStepGroup>false</IsStepGroup><Priority>25</Priority><RequirementId>12</RequirementId><Name>Dependent to PR01 [001]</Name><Status>READY</Status><Type>31</Type><ApplicationVersionId>10</ApplicationVersionId><PreRequisite>92</PreRequisite><Assignee>1</Assignee><IsManual>false</IsManual><Deleted>false</Deleted><LastRunId>256</LastRunId><CreatedBy>1</CreatedBy><CreatedDate>2024-04-13@09:58:13.000+0000</CreatedDate><UpdatedBy>1</UpdatedBy><UpdateDate>2024-04-15@06:17:16.000+0000</UpdateDate><PriorityName>Critical</PriorityName><TypeName>Unit Test</TypeName><AssigneeName>bhanu Prakash</AssigneeName><IsActive>true</IsActive><HasAfterTest>false</HasAfterTest><IsEligibleForAfterSuite>false</IsEligibleForAfterSuite><ConsiderVisualTestResult>false</ConsiderVisualTestResult><StepGroupUsageCount>0</StepGroupUsageCount><IsPrerequisiteCase>false</IsPrerequisiteCase></TestCase><TestCase><Id>94</Id><IsDataDriven>false</IsDataDriven><IsReviewed>false</IsReviewed><IsStepGroup>false</IsStepGroup><Priority>25</Priority><RequirementId>12</RequirementId><Name>Dependent to PR01 [002]</Name><Status>READY</Status><Type>31</Type><ApplicationVersionId>10</ApplicationVersionId><PreRequisite>92</PreRequisite><Assignee>1</Assignee><IsManual>false</IsManual><Deleted>false</Deleted><LastRunId>258</LastRunId><CreatedBy>1</CreatedBy><CreatedDate>2024-04-13@09:59:26.000+0000</CreatedDate><UpdatedBy>1</UpdatedBy><UpdateDate>2024-04-15@06:17:16.000+0000</UpdateDate><PriorityName>Critical</PriorityName><TypeName>Unit Test</TypeName><AssigneeName>bhanu Prakash</AssigneeName><IsActive>true</IsActive><HasAfterTest>false</HasAfterTest><IsEligibleForAfterSuite>false</IsEligibleForAfterSuite><ConsiderVisualTestResult>false</ConsiderVisualTestResult><StepGroupUsageCount>0</StepGroupUsageCount><IsPrerequisiteCase>false</IsPrerequisiteCase></TestCase><TestCase><Id>95</Id><IsDataDriven>false</IsDataDriven><IsReviewed>false</IsReviewed><IsStepGroup>false</IsStepGroup><Priority>25</Priority><RequirementId>12</RequirementId><Name>Dependent to PR01 [003]</Name><Status>READY</Status><Type>31</Type><ApplicationVersionId>10</ApplicationVersionId><PreRequisite>92</PreRequisite><Assignee>1</Assignee><IsManual>false</IsManual><Deleted>false</Deleted><LastRunId>260</LastRunId><CreatedBy>1</CreatedBy><CreatedDate>2024-04-13@10:01:08.000+0000</CreatedDate><UpdatedBy>1</UpdatedBy><UpdateDate>2024-04-15@06:17:16.000+0000</UpdateDate><PriorityName>Critical</PriorityName><TypeName>Unit Test</TypeName><AssigneeName>bhanu Prakash</AssigneeName><IsActive>true</IsActive><HasAfterTest>false</HasAfterTest><IsEligibleForAfterSuite>false</IsEligibleForAfterSuite><ConsiderVisualTestResult>false</ConsiderVisualTestResult><StepGroupUsageCount>0</StepGroupUsageCount><IsPrerequisiteCase>false</IsPrerequisiteCase></TestCase><TestCase><Id>96</Id><IsDataDriven>false</IsDataDriven><IsReviewed>false</IsReviewed><IsStepGroup>false</IsStepGroup><Priority>25</Priority><RequirementId>12</RequirementId><Name>Dependent to PR01 [004]</Name><Status>READY</Status><Type>31</Type><ApplicationVersionId>10</ApplicationVersionId><PreRequisite>92</PreRequisite><Assignee>1</Assignee><IsManual>false</IsManual><Deleted>false</Deleted><LastRunId>262</LastRunId><CreatedBy>1</CreatedBy><CreatedDate>2024-04-13@10:01:30.000+0000</CreatedDate><UpdatedBy>1</UpdatedBy><UpdateDate>2024-04-15@06:17:17.000+0000</UpdateDate><PriorityName>Critical</PriorityName><TypeName>Unit Test</TypeName><AssigneeName>bhanu Prakash</AssigneeName><IsActive>true</IsActive><HasAfterTest>false</HasAfterTest><IsEligibleForAfterSuite>false</IsEligibleForAfterSuite><ConsiderVisualTestResult>false</ConsiderVisualTestResult><StepGroupUsageCount>0</StepGroupUsageCount><IsPrerequisiteCase>false</IsPrerequisiteCase></TestCase><TestCase><Id>97</Id><IsDataDriven>false</IsDataDriven><IsReviewed>false</IsReviewed><IsStepGroup>false</IsStepGroup><Priority>25</Priority><RequirementId>12</RequirementId><Name>Dependent to PR01 [005]</Name><Status>READY</Status><Type>31</Type><ApplicationVersionId>10</ApplicationVersionId><PreRequisite>92</PreRequisite><Assignee>1</Assignee><IsManual>false</IsManual><Deleted>false</Deleted><LastRunId>264</LastRunId><CreatedBy>1</CreatedBy><CreatedDate>2024-04-13@10:06:02.000+0000</CreatedDate><UpdatedBy>1</UpdatedBy><UpdateDate>2024-04-15@06:17:17.000+0000</UpdateDate><PriorityName>Critical</PriorityName><TypeName>Unit Test</TypeName><AssigneeName>bhanu Prakash</AssigneeName><IsActive>true</IsActive><HasAfterTest>false</HasAfterTest><IsEligibleForAfterSuite>false</IsEligibleForAfterSuite><ConsiderVisualTestResult>false</ConsiderVisualTestResult><StepGroupUsageCount>0</StepGroupUsageCount><IsPrerequisiteCase>false</IsPrerequisiteCase></TestCase><TestCase><Id>98</Id><IsDataDriven>false</IsDataDriven><IsReviewed>false</IsReviewed><IsStepGroup>false</IsStepGroup><Priority>25</Priority><RequirementId>12</RequirementId><Name>Untitled</Name><Status>READY</Status><Type>31</Type><ApplicationVersionId>10</ApplicationVersionId><Assignee>1</Assignee><IsManual>false</IsManual><Deleted>true</Deleted><CreatedBy>1</CreatedBy><CreatedDate>2024-04-13@10:07:29.000+0000</CreatedDate><UpdatedBy>1</UpdatedBy><UpdateDate>2024-04-13@10:08:08.000+0000</UpdateDate><PriorityName>Critical</PriorityName><TypeName>Unit Test</TypeName><AssigneeName>bhanu Prakash</AssigneeName><HasAfterTest>false</HasAfterTest><IsEligibleForAfterSuite>false</IsEligibleForAfterSuite><ConsiderVisualTestResult>false</ConsiderVisualTestResult><StepGroupUsageCount>0</StepGroupUsageCount><IsPrerequisiteCase>false</IsPrerequisiteCase></TestCase><TestCase><Id>99</Id><IsDataDriven>false</IsDataDriven><IsReviewed>false</IsReviewed><IsStepGroup>false</IsStepGroup><Priority>25</Priority><RequirementId>12</RequirementId><Name>Untitled</Name><Status>READY</Status><Type>31</Type><ApplicationVersionId>10</ApplicationVersionId><Assignee>1</Assignee><IsManual>false</IsManual><Deleted>true</Deleted><CreatedBy>1</CreatedBy><CreatedDate>2024-04-13@10:08:50.000+0000</CreatedDate><UpdatedBy>1</UpdatedBy><UpdateDate>2024-04-13@10:09:06.000+0000</UpdateDate><PriorityName>Critical</PriorityName><TypeName>Unit Test</TypeName><AssigneeName>bhanu Prakash</AssigneeName><HasAfterTest>false</HasAfterTest><IsEligibleForAfterSuite>false</IsEligibleForAfterSuite><ConsiderVisualTestResult>false</ConsiderVisualTestResult><StepGroupUsageCount>0</StepGroupUsageCount><IsPrerequisiteCase>false</IsPrerequisiteCase></TestCase><TestCase><Id>100</Id><IsDataDriven>false</IsDataDriven><IsReviewed>false</IsReviewed><IsStepGroup>false</IsStepGroup><Priority>25</Priority><RequirementId>12</RequirementId><Name>Chain pre requisite 01</Name><Status>READY</Status><Type>31</Type><ApplicationVersionId>10</ApplicationVersionId><Assignee>1</Assignee><IsManual>false</IsManual><Deleted>false</Deleted><LastRunId>265</LastRunId><CreatedBy>1</CreatedBy><CreatedDate>2024-04-13@10:09:50.000+0000</CreatedDate><UpdatedBy>1</UpdatedBy><UpdateDate>2024-04-15@06:17:25.000+0000</UpdateDate><PriorityName>Critical</PriorityName><TypeName>Unit Test</TypeName><AssigneeName>bhanu Prakash</AssigneeName><IsActive>true</IsActive><HasAfterTest>false</HasAfterTest><IsEligibleForAfterSuite>false</IsEligibleForAfterSuite><ConsiderVisualTestResult>false</ConsiderVisualTestResult><StepGroupUsageCount>0</StepGroupUsageCount><IsPrerequisiteCase>true</IsPrerequisiteCase></TestCase><TestCase><Id>101</Id><IsDataDriven>false</IsDataDriven><IsReviewed>false</IsReviewed><IsStepGroup>false</IsStepGroup><Priority>25</Priority><RequirementId>12</RequirementId><Name>Chain pre requisite 02</Name><Status>READY</Status><Type>31</Type><ApplicationVersionId>10</ApplicationVersionId><PreRequisite>100</PreRequisite><Assignee>1</Assignee><IsManual>false</IsManual><Deleted>false</Deleted><LastRunId>266</LastRunId><CreatedBy>1</CreatedBy><CreatedDate>2024-04-13@10:10:04.000+0000</CreatedDate><UpdatedBy>1</UpdatedBy><UpdateDate>2024-04-15@06:17:25.000+0000</UpdateDate><PriorityName>Critical</PriorityName><TypeName>Unit Test</TypeName><AssigneeName>bhanu Prakash</AssigneeName><IsActive>true</IsActive><HasAfterTest>false</HasAfterTest><IsEligibleForAfterSuite>false</IsEligibleForAfterSuite><ConsiderVisualTestResult>false</ConsiderVisualTestResult><StepGroupUsageCount>0</StepGroupUsageCount><IsPrerequisiteCase>true</IsPrerequisiteCase></TestCase><TestCase><Id>102</Id><IsDataDriven>false</IsDataDriven><IsReviewed>false</IsReviewed><IsStepGroup>false</IsStepGroup><Priority>25</Priority><RequirementId>12</RequirementId><Name>Chain pre requisite 03</Name><Status>READY</Status><Type>31</Type><ApplicationVersionId>10</ApplicationVersionId><PreRequisite>101</PreRequisite><Assignee>1</Assignee><IsManual>false</IsManual><Deleted>false</Deleted><LastRunId>267</LastRunId><CreatedBy>1</CreatedBy><CreatedDate>2024-04-13@10:10:41.000+0000</CreatedDate><UpdatedBy>1</UpdatedBy><UpdateDate>2024-04-15@06:17:25.000+0000</UpdateDate><PriorityName>Critical</PriorityName><TypeName>Unit Test</TypeName><AssigneeName>bhanu Prakash</AssigneeName><IsActive>true</IsActive><HasAfterTest>false</HasAfterTest><IsEligibleForAfterSuite>false</IsEligibleForAfterSuite><ConsiderVisualTestResult>false</ConsiderVisualTestResult><StepGroupUsageCount>0</StepGroupUsageCount><IsPrerequisiteCase>true</IsPrerequisiteCase></TestCase><TestCase><Id>103</Id><IsDataDriven>false</IsDataDriven><IsReviewed>false</IsReviewed><IsStepGroup>false</IsStepGroup><Priority>25</Priority><RequirementId>12</RequirementId><Name>Chain pre requisite 04</Name><Status>READY</Status><Type>31</Type><ApplicationVersionId>10</ApplicationVersionId><PreRequisite>102</PreRequisite><Assignee>1</Assignee><IsManual>false</IsManual><Deleted>false</Deleted><LastRunId>268</LastRunId><CreatedBy>1</CreatedBy><CreatedDate>2024-04-13@10:11:16.000+0000</CreatedDate><UpdatedBy>1</UpdatedBy><UpdateDate>2024-04-15@06:17:25.000+0000</UpdateDate><PriorityName>Critical</PriorityName><TypeName>Unit Test</TypeName><AssigneeName>bhanu Prakash</AssigneeName><IsActive>true</IsActive><HasAfterTest>false</HasAfterTest><IsEligibleForAfterSuite>false</IsEligibleForAfterSuite><ConsiderVisualTestResult>false</ConsiderVisualTestResult><StepGroupUsageCount>0</StepGroupUsageCount><IsPrerequisiteCase>true</IsPrerequisiteCase></TestCase><TestCase><Id>104</Id><IsDataDriven>false</IsDataDriven><IsReviewed>false</IsReviewed><IsStepGroup>false</IsStepGroup><Priority>25</Priority><RequirementId>12</RequirementId><Name>Chain pre requisite 05</Name><Status>READY</Status><Type>31</Type><ApplicationVersionId>10</ApplicationVersionId><PreRequisite>103</PreRequisite><Assignee>1</Assignee><IsManual>false</IsManual><Deleted>false</Deleted><LastRunId>269</LastRunId><CreatedBy>1</CreatedBy><CreatedDate>2024-04-13@10:11:38.000+0000</CreatedDate><UpdatedBy>1</UpdatedBy><UpdateDate>2024-04-15@06:17:26.000+0000</UpdateDate><PriorityName>Critical</PriorityName><TypeName>Unit Test</TypeName><AssigneeName>bhanu Prakash</AssigneeName><IsActive>true</IsActive><HasAfterTest>false</HasAfterTest><IsEligibleForAfterSuite>false</IsEligibleForAfterSuite><ConsiderVisualTestResult>false</ConsiderVisualTestResult><StepGroupUsageCount>0</StepGroupUsageCount><IsPrerequisiteCase>false</IsPrerequisiteCase></TestCase><TestCase><Id>105</Id><IsDataDriven>false</IsDataDriven><IsReviewed>false</IsReviewed><IsStepGroup>false</IsStepGroup><Priority>25</Priority><RequirementId>12</RequirementId><Name>Untitled</Name><Status>READY</Status><Type>31</Type><ApplicationVersionId>10</ApplicationVersionId><Assignee>1</Assignee><IsManual>false</IsManual><Deleted>true</Deleted><CreatedBy>1</CreatedBy><CreatedDate>2024-04-13@11:28:23.000+0000</CreatedDate><UpdatedBy>1</UpdatedBy><UpdateDate>2024-04-13@11:28:38.000+0000</UpdateDate><PriorityName>Critical</PriorityName><TypeName>Unit Test</TypeName><AssigneeName>bhanu Prakash</AssigneeName><HasAfterTest>false</HasAfterTest><IsEligibleForAfterSuite>false</IsEligibleForAfterSuite><ConsiderVisualTestResult>false</ConsiderVisualTestResult><StepGroupUsageCount>0</StepGroupUsageCount><IsPrerequisiteCase>false</IsPrerequisiteCase></TestCase><TestCase><Id>106</Id><IsDataDriven>false</IsDataDriven><IsReviewed>false</IsReviewed><IsStepGroup>false</IsStepGroup><Priority>25</Priority><RequirementId>12</RequirementId><Name>pass pre-requisite Testcase</Name><Status>READY</Status><Type>31</Type><ApplicationVersionId>10</ApplicationVersionId><Assignee>1</Assignee><IsManual>false</IsManual><Deleted>false</Deleted><LastRunId>270</LastRunId><CreatedBy>1</CreatedBy><CreatedDate>2024-04-13@11:29:20.000+0000</CreatedDate><UpdatedBy>1</UpdatedBy><UpdateDate>2024-04-15@06:21:56.000+0000</UpdateDate><PriorityName>Critical</PriorityName><TypeName>Unit Test</TypeName><AssigneeName>bhanu Prakash</AssigneeName><IsActive>true</IsActive><HasAfterTest>false</HasAfterTest><IsEligibleForAfterSuite>false</IsEligibleForAfterSuite><ConsiderVisualTestResult>false</ConsiderVisualTestResult><StepGroupUsageCount>0</StepGroupUsageCount><IsPrerequisiteCase>true</IsPrerequisiteCase></TestCase></TestCases>