<EnvironmentSuiteMappings><EnvironmentSuiteMapping><Id>130</Id><SuiteId>84</SuiteId><EnvironmentId>90</EnvironmentId><Position>1</Position><RunTestCasesInParallel>false</RunTestCasesInParallel></EnvironmentSuiteMapping><EnvironmentSuiteMapping><Id>134</Id><SuiteId>63</SuiteId><EnvironmentId>91</EnvironmentId><Position>2</Position><RunTestCasesInParallel>false</RunTestCasesInParallel></EnvironmentSuiteMapping><EnvironmentSuiteMapping><Id>135</Id><SuiteId>64</SuiteId><EnvironmentId>91</EnvironmentId><Position>3</Position><RunTestCasesInParallel>false</RunTestCasesInParallel></EnvironmentSuiteMapping><EnvironmentSuiteMapping><Id>133</Id><SuiteId>84</SuiteId><EnvironmentId>91</EnvironmentId><Position>1</Position><RunTestCasesInParallel>false</RunTestCasesInParallel></EnvironmentSuiteMapping><EnvironmentSuiteMapping><Id>137</Id><SuiteId>62</SuiteId><EnvironmentId>92</EnvironmentId><Position>1</Position><RunTestCasesInParallel>false</RunTestCasesInParallel></EnvironmentSuiteMapping><EnvironmentSuiteMapping><Id>138</Id><SuiteId>85</SuiteId><EnvironmentId>93</EnvironmentId><Position>1</Position><RunTestCasesInParallel>false</RunTestCasesInParallel></EnvironmentSuiteMapping><EnvironmentSuiteMapping><Id>139</Id><SuiteId>86</SuiteId><EnvironmentId>93</EnvironmentId><Position>2</Position><RunTestCasesInParallel>false</RunTestCasesInParallel></EnvironmentSuiteMapping><EnvironmentSuiteMapping><Id>144</Id><SuiteId>87</SuiteId><EnvironmentId>94</EnvironmentId><Position>1</Position><RunTestCasesInParallel>false</RunTestCasesInParallel></EnvironmentSuiteMapping></EnvironmentSuiteMappings>