<TestCaseTypes><TestCaseType><Id>31</Id><DisplayName>Unit Test</DisplayName><Name>Unit Test</Name><ProjectId>7</ProjectId><CreatedById>1</CreatedById><CreatedDate>2024-04-13@09:17:17.000+0000</CreatedDate><UpdatedDate>2024-04-13@09:17:17.000+0000</UpdatedDate><IsDefault>true</IsDefault></TestCaseType><TestCaseType><Id>32</Id><DisplayName>Integration</DisplayName><Name>Integration</Name><ProjectId>7</ProjectId><CreatedById>1</CreatedById><CreatedDate>2024-04-13@09:17:17.000+0000</CreatedDate><UpdatedDate>2024-04-13@09:17:17.000+0000</UpdatedDate><IsDefault>true</IsDefault></TestCaseType><TestCaseType><Id>33</Id><DisplayName>Functional</DisplayName><Name>Functional</Name><ProjectId>7</ProjectId><CreatedById>1</CreatedById><CreatedDate>2024-04-13@09:17:17.000+0000</CreatedDate><UpdatedDate>2024-04-13@09:17:17.000+0000</UpdatedDate><IsDefault>true</IsDefault></TestCaseType><TestCaseType><Id>34</Id><DisplayName>Non Functional</DisplayName><Name>Non Functional</Name><ProjectId>7</ProjectId><CreatedById>1</CreatedById><CreatedDate>2024-04-13@09:17:17.000+0000</CreatedDate><UpdatedDate>2024-04-13@09:17:17.000+0000</UpdatedDate><IsDefault>true</IsDefault></TestCaseType><TestCaseType><Id>35</Id><DisplayName>User Experience</DisplayName><Name>User Experience</Name><ProjectId>7</ProjectId><CreatedById>1</CreatedById><CreatedDate>2024-04-13@09:17:17.000+0000</CreatedDate><UpdatedDate>2024-04-13@09:17:17.000+0000</UpdatedDate><IsDefault>true</IsDefault></TestCaseType></TestCaseTypes>