<TestCases><TestCase><Id>132</Id><IsDataDriven>true</IsDataDriven><IsReviewed>false</IsReviewed><IsStepGroup>false</IsStepGroup><Priority>25</Priority><RequirementId>12</RequirementId><Name>Data driven [01]</Name><Status>READY</Status><Type>31</Type><ApplicationVersionId>10</ApplicationVersionId><Assignee>1</Assignee><IsManual>false</IsManual><Deleted>false</Deleted><TestDataIndex>-1</TestDataIndex><TestDataEndIndex>-1</TestDataEndIndex><LastRunId>362</LastRunId><CreatedBy>1</CreatedBy><CreatedDate>2024-04-15@06:04:25.000+0000</CreatedDate><UpdatedBy>1</UpdatedBy><UpdateDate>2024-04-15@06:30:47.000+0000</UpdateDate><PriorityName>Critical</PriorityName><TypeName>Unit Test</TypeName><AssigneeName>bhanu Prakash</AssigneeName><IsActive>true</IsActive><HasAfterTest>false</HasAfterTest><TestCaseDataDrivenCondition><id>26</id><iterationType>INDEX</iterationType><operator>BETWEEN</operator><testCaseId>132</testCaseId><testDataProfileId>16</testDataProfileId><testDataIndex>-1</testDataIndex><testDataEndIndex>-1</testDataEndIndex><testDataProfile><id>16</id><testDataName>Data Driven [01]</testDataName><createdById>1</createdById><updatedById>1</updatedById><columns><columns>Animals</columns><columns>Birds</columns></columns><createdDate>1713161258000</createdDate><updatedDate>1713161349000</updatedDate><versionId>10</versionId></testDataProfile></TestCaseDataDrivenCondition><IsEligibleForAfterSuite>false</IsEligibleForAfterSuite><ConsiderVisualTestResult>false</ConsiderVisualTestResult><StepGroupUsageCount>0</StepGroupUsageCount><IsPrerequisiteCase>false</IsPrerequisiteCase></TestCase></TestCases>