<Elements><Element><Id>622</Id><CreatedDate>2024-04-13@09:19:37.000+0000</CreatedDate><UpdatedDate>2024-04-13@09:19:37.000+0000</UpdatedDate><ApplicationVersionId>10</ApplicationVersionId><Definition>//INPUT[@id='address']</Definition><Name>Address Input</Name><CreatedType>CHROME</CreatedType><LocatorType>xpath</LocatorType><Attributes>{"id": "address", "name": "address", "class": "form-control", "style": "box-shadow: rgb(29, 203, 139) 0px 0px 0px 3px inset;", "title": "address", "value": "dadh", "checked": false, "required": "", "placeholder": "?  Enter your address"}</Attributes><IsDynamic>false</IsDynamic><ScreenNameId>257</ScreenNameId><Status>READY</Status><IsInsideHostDom>false</IsInsideHostDom><HostType>ELEMENT</HostType><UsageCount>34</UsageCount></Element><Element><Id>624</Id><CreatedDate>2024-04-13@11:43:36.000+0000</CreatedDate><UpdatedDate>2024-04-13@11:43:36.000+0000</UpdatedDate><ApplicationVersionId>10</ApplicationVersionId><Definition>dummy</Definition><Name>dummy</Name><CreatedType>MANUAL</CreatedType><LocatorType>xpath</LocatorType><Metadata><testdata><ArrayList/></testdata></Metadata><IsDynamic>false</IsDynamic><ScreenNameId>258</ScreenNameId><Status>READY</Status><IsInsideHostDom>false</IsInsideHostDom><HostType>ELEMENT</HostType><UsageCount>4</UsageCount></Element><Element><Id>620</Id><CreatedDate>2024-04-13@09:19:33.000+0000</CreatedDate><UpdatedDate>2024-04-13@09:19:33.000+0000</UpdatedDate><ApplicationVersionId>10</ApplicationVersionId><Definition>//INPUT[@id='emailid']</Definition><Name>Email Input</Name><CreatedType>CHROME</CreatedType><LocatorType>xpath</LocatorType><Attributes>{"id": "emailid", "name": "emailid", "type": "email", "class": "form-control", "style": "box-shadow: rgb(29, 203, 139) 0px 0px 0px 3px inset;", "title": "emailid", "value": "diad", "checked": false, "required": "", "placeholder": "? Example@gmail.com"}</Attributes><IsDynamic>false</IsDynamic><ScreenNameId>257</ScreenNameId><Status>READY</Status><IsInsideHostDom>false</IsInsideHostDom><HostType>ELEMENT</HostType><UsageCount>33</UsageCount></Element><Element><Id>623</Id><CreatedDate>2024-04-13@09:19:43.000+0000</CreatedDate><UpdatedDate>2024-04-13@09:19:43.000+0000</UpdatedDate><ApplicationVersionId>10</ApplicationVersionId><Definition>//INPUT[@id='genderFemale']</Definition><Name>Female Radio Button</Name><CreatedType>CHROME</CreatedType><LocatorType>xpath</LocatorType><Attributes>{"id": "genderFemale", "name": "gender", "type": "radio", "class": "custom-control-input", "title": "female", "value": "female", "checked": true}</Attributes><IsDynamic>false</IsDynamic><ScreenNameId>257</ScreenNameId><Status>READY</Status><IsInsideHostDom>false</IsInsideHostDom><HostType>ELEMENT</HostType><UsageCount>28</UsageCount></Element><Element><Id>619</Id><CreatedDate>2024-04-13@09:19:30.000+0000</CreatedDate><UpdatedDate>2024-04-13@09:19:30.000+0000</UpdatedDate><ApplicationVersionId>10</ApplicationVersionId><Definition>//INPUT[@id='name']</Definition><Name>Full name Input</Name><CreatedType>CHROME</CreatedType><LocatorType>xpath</LocatorType><Attributes>{"id": "name", "name": "name", "type": "text", "class": "form-control", "title": "fullname", "value": "dhi", "checked": false, "required": "", "placeholder": "?  Full Name"}</Attributes><IsDynamic>false</IsDynamic><ScreenNameId>257</ScreenNameId><Status>READY</Status><IsInsideHostDom>false</IsInsideHostDom><HostType>ELEMENT</HostType><UsageCount>33</UsageCount></Element><Element><Id>621</Id><CreatedDate>2024-04-13@09:19:35.000+0000</CreatedDate><UpdatedDate>2024-04-13@09:19:35.000+0000</UpdatedDate><ApplicationVersionId>10</ApplicationVersionId><Definition>//INPUT[@id='phone']</Definition><Name>Phone Input</Name><CreatedType>CHROME</CreatedType><LocatorType>xpath</LocatorType><Attributes>{"id": "phone", "name": "phone", "type": "tel", "class": "form-control", "style": "box-shadow: rgb(29, 203, 139) 0px 0px 0px 3px inset;", "title": "phone", "value": "daid", "checked": false, "required": "", "placeholder": "? Phone no"}</Attributes><IsDynamic>false</IsDynamic><ScreenNameId>257</ScreenNameId><Status>READY</Status><IsInsideHostDom>false</IsInsideHostDom><HostType>ELEMENT</HostType><UsageCount>29</UsageCount></Element></Elements>