<ScreenName><ScreenName><Id>258</Id><ApplicationVersionId>10</ApplicationVersionId><Name>dummy</Name><CreatedDate>2024-04-13@11:43:35.000+0000</CreatedDate><UpdatedDate>2024-04-13@11:43:35.000+0000</UpdatedDate><CreatedById>1</CreatedById><UpdatedById>1</UpdatedById></ScreenName><ScreenName><Id>257</Id><ApplicationVersionId>10</ApplicationVersionId><Name>Simply Travel</Name><CreatedDate>2024-04-13@09:19:30.000+0000</CreatedDate><UpdatedDate>2024-04-13@09:19:30.000+0000</UpdatedDate><CreatedById>1</CreatedById><UpdatedById>1</UpdatedById></ScreenName></ScreenName>